tournament_id,stage_number,group_name,position,team_id,played,wins,draws,losses,goals_for,goals_against,goal_difference,points,advanced
WC-1930,1,Group 1,1,T-03,3,3,0,0,10,4,6,6,1
WC-1930,1,Group 1,2,T-13,3,2,0,1,5,3,2,4,0
WC-1930,1,Group 1,3,T-30,3,1,0,2,4,3,1,2,0
WC-1930,1,Group 1,4,T-46,3,0,0,3,4,13,-9,0,0
WC-1930,1,Group 2,1,T-87,2,2,0,0,6,1,5,4,1
WC-1930,1,Group 2,2,T-09,2,1,0,1,5,2,3,2,0
WC-1930,1,Group 2,3,T-07,2,0,0,2,0,8,-8,0,0
WC-1930,1,Group 3,1,T-84,2,2,0,0,5,0,5,4,1
WC-1930,1,Group 3,2,T-61,2,1,0,1,3,5,-2,2,0
WC-1930,1,Group 3,3,T-56,2,0,0,2,1,4,-3,0,0
WC-1930,1,Group 4,1,T-83,2,2,0,0,6,0,6,4,1
WC-1930,1,Group 4,2,T-55,2,1,0,1,1,3,-2,2,0
WC-1930,1,Group 4,3,T-06,2,0,0,2,0,4,-4,0,0
WC-1950,1,Group 1,1,T-09,3,2,1,0,8,2,6,5,1
WC-1950,1,Group 1,2,T-87,3,2,0,1,7,3,4,4,0
WC-1950,1,Group 1,3,T-75,3,1,1,1,4,6,-2,3,0
WC-1950,1,Group 1,4,T-46,3,0,0,3,2,10,-8,0,0
WC-1950,1,Group 2,1,T-73,3,3,0,0,6,1,5,6,1
WC-1950,1,Group 2,2,T-28,3,1,0,2,2,2,0,2,0
WC-1950,1,Group 2,3,T-13,3,1,0,2,5,6,-1,2,0
WC-1950,1,Group 2,4,T-83,3,1,0,2,4,8,-4,2,0
WC-1950,1,Group 3,1,T-74,2,1,1,0,5,4,1,3,1
WC-1950,1,Group 3,2,T-41,2,1,0,1,4,3,1,2,0
WC-1950,1,Group 3,3,T-55,2,0,1,1,2,4,-2,1,0
WC-1950,1,Group 4,1,T-84,1,1,0,0,8,0,8,2,1
WC-1950,1,Group 4,2,T-07,1,0,0,1,0,8,-8,0,0
WC-1950,2,Group 1,1,T-84,3,2,1,0,7,5,2,5,1
WC-1950,2,Group 1,2,T-09,3,2,0,1,14,4,10,4,0
WC-1950,2,Group 1,3,T-74,3,1,0,2,6,11,-5,2,0
WC-1950,2,Group 1,4,T-73,3,0,1,2,4,11,-7,1,0
WC-1954,1,Group 1,1,T-09,2,1,1,0,6,1,5,3,1
WC-1954,1,Group 1,2,T-87,2,1,1,0,2,1,1,3,1
WC-1954,1,Group 1,3,T-30,2,1,0,1,3,3,0,2,0
WC-1954,1,Group 1,4,T-46,2,0,0,2,2,8,-6,0,0
WC-1954,1,Group 2,1,T-36,2,2,0,0,17,3,14,4,1
WC-1954,1,Group 2,2,T-86,2,1,0,1,7,9,-2,2,1
WC-1954,1,Group 2,3,T-80,2,1,0,1,8,4,4,2,0
WC-1954,1,Group 2,4,T-71,2,0,0,2,0,16,-16,0,0
WC-1954,1,Group 3,1,T-84,2,2,0,0,9,0,9,4,1
WC-1954,1,Group 3,2,T-05,2,2,0,0,6,0,6,4,1
WC-1954,1,Group 3,3,T-21,2,0,0,2,0,7,-7,0,0
WC-1954,1,Group 3,4,T-64,2,0,0,2,0,8,-8,0,0
WC-1954,1,Group 4,1,T-28,2,1,1,0,6,4,2,3,1
WC-1954,1,Group 4,2,T-75,2,1,0,1,2,3,-1,2,1
WC-1954,1,Group 4,3,T-41,2,1,0,1,5,3,2,2,0
WC-1954,1,Group 4,4,T-06,2,0,1,1,5,8,-3,1,0
WC-1958,1,Group 1,1,T-86,3,1,2,0,7,5,2,4,1
WC-1958,1,Group 1,2,T-52,3,1,1,1,4,5,-1,3,1
WC-1958,1,Group 1,3,T-21,3,1,1,1,8,4,4,3,0
WC-1958,1,Group 1,4,T-03,3,1,0,2,5,10,-5,2,0
WC-1958,1,Group 2,1,T-30,3,2,0,1,11,7,4,4,1
WC-1958,1,Group 2,2,T-87,3,1,2,0,7,6,1,4,1
WC-1958,1,Group 2,3,T-55,3,1,1,1,9,12,-3,3,0
WC-1958,1,Group 2,4,T-64,3,0,1,2,4,6,-2,1,0
WC-1958,1,Group 3,1,T-74,3,2,1,0,5,1,4,5,1
WC-1958,1,Group 3,2,T-85,3,0,3,0,2,2,0,3,1
WC-1958,1,Group 3,3,T-36,3,1,1,1,6,3,3,3,0
WC-1958,1,Group 3,4,T-46,3,0,1,2,1,8,-7,1,0
WC-1958,1,Group 4,1,T-09,3,2,1,0,5,0,5,5,1
WC-1958,1,Group 4,2,T-72,3,1,1,1,4,4,0,3,1
WC-1958,1,Group 4,3,T-28,3,0,3,0,4,4,0,3,0
WC-1958,1,Group 4,4,T-05,3,0,1,2,2,7,-5,1,0
WC-1962,1,Group 1,1,T-72,3,2,1,0,8,5,3,5,1
WC-1962,1,Group 1,2,T-87,3,2,0,1,8,3,5,4,1
WC-1962,1,Group 1,3,T-84,3,1,0,2,4,6,-2,2,0
WC-1962,1,Group 1,4,T-16,3,0,1,2,5,11,-6,1,0
WC-1962,1,Group 2,1,T-86,3,2,1,0,4,1,3,5,1
WC-1962,1,Group 2,2,T-13,3,2,0,1,5,3,2,4,1
WC-1962,1,Group 2,3,T-41,3,1,1,1,3,2,1,3,0
WC-1962,1,Group 2,4,T-75,3,0,0,3,2,8,-6,0,0
WC-1962,1,Group 3,1,T-09,3,2,1,0,4,1,3,5,1
WC-1962,1,Group 3,2,T-21,3,1,1,1,2,3,-1,3,1
WC-1962,1,Group 3,3,T-46,3,1,0,2,3,4,-1,2,0
WC-1962,1,Group 3,4,T-73,3,1,0,2,2,3,-1,2,0
WC-1962,1,Group 4,1,T-36,3,2,1,0,8,2,6,5,1
WC-1962,1,Group 4,2,T-28,3,1,1,1,4,3,1,3,1
WC-1962,1,Group 4,3,T-03,3,1,1,1,2,3,-1,3,0
WC-1962,1,Group 4,4,T-10,3,0,1,2,1,7,-6,1,0
WC-1966,1,Group 1,1,T-28,3,2,1,0,4,0,4,5,1
WC-1966,1,Group 1,2,T-84,3,1,2,0,2,1,1,4,1
WC-1966,1,Group 1,3,T-46,3,0,2,1,1,3,-2,2,0
WC-1966,1,Group 1,4,T-30,3,0,1,2,2,5,-3,1,0
WC-1966,1,Group 2,1,T-86,3,2,1,0,7,1,6,5,1
WC-1966,1,Group 2,2,T-03,3,2,1,0,4,1,3,5,1
WC-1966,1,Group 2,3,T-73,3,1,0,2,4,5,-1,2,0
WC-1966,1,Group 2,4,T-75,3,0,0,3,1,9,-8,0,0
WC-1966,1,Group 3,1,T-58,3,3,0,0,9,2,7,6,1
WC-1966,1,Group 3,2,T-36,3,2,0,1,7,5,2,4,1
WC-1966,1,Group 3,3,T-09,3,1,0,2,4,6,-2,2,0
WC-1966,1,Group 3,4,T-10,3,0,0,3,1,8,-7,0,0
WC-1966,1,Group 4,1,T-72,3,3,0,0,6,1,5,6,1
WC-1966,1,Group 4,2,T-51,3,1,1,1,2,4,-2,3,1
WC-1966,1,Group 4,3,T-41,3,1,0,2,2,2,0,2,0
WC-1966,1,Group 4,4,T-13,3,0,1,2,2,5,-3,1,0
WC-1970,1,Group 1,1,T-72,3,2,1,0,6,1,5,5,1
WC-1970,1,Group 1,2,T-46,3,2,1,0,5,0,5,5,1
WC-1970,1,Group 1,3,T-06,3,1,0,2,4,5,-1,2,0
WC-1970,1,Group 1,4,T-27,3,0,0,3,0,9,-9,0,0
WC-1970,1,Group 2,1,T-41,3,1,2,0,1,0,1,4,1
WC-1970,1,Group 2,2,T-84,3,1,1,1,2,1,1,3,1
WC-1970,1,Group 2,3,T-74,3,1,1,1,2,2,0,3,0
WC-1970,1,Group 2,4,T-40,3,0,2,1,1,3,-2,2,0
WC-1970,1,Group 3,1,T-09,3,3,0,0,8,3,5,6,1
WC-1970,1,Group 3,2,T-28,3,2,0,1,2,1,1,4,1
WC-1970,1,Group 3,3,T-61,3,1,0,2,4,5,-1,2,0
WC-1970,1,Group 3,4,T-21,3,0,0,3,2,7,-5,0,0
WC-1970,1,Group 4,1,T-86,3,3,0,0,10,4,6,6,1
WC-1970,1,Group 4,2,T-56,3,2,0,1,7,5,2,4,1
WC-1970,1,Group 4,3,T-10,3,0,1,2,5,9,-4,1,0
WC-1970,1,Group 4,4,T-47,3,0,1,2,2,6,-4,1,0
WC-1974,1,Group 1,1,T-24,3,2,1,0,4,1,3,5,1
WC-1974,1,Group 1,2,T-86,3,2,0,1,4,1,3,4,1
WC-1974,1,Group 1,3,T-13,3,0,2,1,1,2,-1,2,0
WC-1974,1,Group 1,4,T-04,3,0,1,2,0,5,-5,1,0
WC-1974,1,Group 2,1,T-87,3,1,2,0,10,1,9,4,1
WC-1974,1,Group 2,2,T-09,3,1,2,0,3,0,3,4,1
WC-1974,1,Group 2,3,T-64,3,1,2,0,3,1,2,4,0
WC-1974,1,Group 2,4,T-88,3,0,0,3,0,14,-14,0,0
WC-1974,1,Group 3,1,T-48,3,2,1,0,6,1,5,5,1
WC-1974,1,Group 3,2,T-74,3,1,2,0,3,0,3,4,1
WC-1974,1,Group 3,3,T-10,3,0,2,1,2,5,-3,2,0
WC-1974,1,Group 3,4,T-84,3,0,1,2,1,6,-5,1,0
WC-1974,1,Group 4,1,T-57,3,3,0,0,12,3,9,6,1
WC-1974,1,Group 4,2,T-03,3,1,1,1,7,5,2,3,1
WC-1974,1,Group 4,3,T-41,3,1,1,1,5,4,1,3,0
WC-1974,1,Group 4,4,T-34,3,0,0,3,2,14,-12,0,0
WC-1974,2,Group A,1,T-48,3,3,0,0,8,0,8,6,1
WC-1974,2,Group A,2,T-09,3,2,0,1,3,3,0,4,1
WC-1974,2,Group A,3,T-24,3,0,1,2,1,4,-3,1,0
WC-1974,2,Group A,4,T-03,3,0,1,2,2,7,-5,1,0
WC-1974,2,Group B,1,T-86,3,3,0,0,7,2,5,6,1
WC-1974,2,Group B,2,T-57,3,2,0,1,3,2,1,4,1
WC-1974,2,Group B,3,T-74,3,1,0,2,4,6,-2,2,0
WC-1974,2,Group B,4,T-87,3,0,0,3,2,6,-4,0,0
WC-1978,1,Group 1,1,T-41,3,3,0,0,6,2,4,6,1
WC-1978,1,Group 1,2,T-03,3,2,0,1,4,3,1,4,1
WC-1978,1,Group 1,3,T-30,3,1,0,2,5,5,0,2,0
WC-1978,1,Group 1,4,T-36,3,0,0,3,3,8,-5,0,0
WC-1978,1,Group 2,1,T-57,3,2,1,0,4,1,3,5,1
WC-1978,1,Group 2,2,T-86,3,1,2,0,6,0,6,4,1
WC-1978,1,Group 2,3,T-79,3,1,1,1,3,2,1,3,0
WC-1978,1,Group 2,4,T-46,3,0,0,3,2,12,-10,0,0
WC-1978,1,Group 3,1,T-05,3,2,0,1,3,2,1,4,1
WC-1978,1,Group 3,2,T-09,3,1,2,0,2,1,1,4,1
WC-1978,1,Group 3,3,T-73,3,1,1,1,2,2,0,3,0
WC-1978,1,Group 3,4,T-74,3,0,1,2,1,3,-2,1,0
WC-1978,1,Group 4,1,T-56,3,2,1,0,7,2,5,5,1
WC-1978,1,Group 4,2,T-48,3,1,1,1,5,3,2,3,1
WC-1978,1,Group 4,3,T-64,3,1,1,1,5,6,-1,3,0
WC-1978,1,Group 4,4,T-38,3,0,1,2,2,8,-6,1,0
WC-1978,2,Group A,1,T-48,3,2,1,0,9,4,5,5,1
WC-1978,2,Group A,2,T-41,3,1,1,1,2,2,0,3,1
WC-1978,2,Group A,3,T-86,3,0,2,1,4,5,-1,2,0
WC-1978,2,Group A,4,T-05,3,1,0,2,4,8,-4,2,0
WC-1978,2,Group B,1,T-03,3,2,1,0,8,0,8,5,1
WC-1978,2,Group B,2,T-09,3,2,1,0,6,1,5,5,1
WC-1978,2,Group B,3,T-57,3,1,0,2,2,5,-3,2,0
WC-1978,2,Group B,4,T-56,3,0,0,3,0,10,-10,0,0
WC-1982,1,Group 1,1,T-57,3,1,2,0,5,1,4,4,1
WC-1982,1,Group 1,2,T-41,3,0,3,0,2,2,0,3,1
WC-1982,1,Group 1,3,T-11,3,0,3,0,1,1,0,3,0
WC-1982,1,Group 1,4,T-56,3,0,2,1,2,6,-4,2,0
WC-1982,1,Group 2,1,T-86,3,2,0,1,6,3,3,4,1
WC-1982,1,Group 2,2,T-05,3,2,0,1,3,1,2,4,1
WC-1982,1,Group 2,3,T-01,3,2,0,1,5,5,0,4,0
WC-1982,1,Group 2,4,T-13,3,0,0,3,3,8,-5,0,0
WC-1982,1,Group 3,1,T-06,3,2,1,0,3,1,2,5,1
WC-1982,1,Group 3,2,T-03,3,2,0,1,6,2,4,4,1
WC-1982,1,Group 3,3,T-36,3,1,1,1,12,6,6,3,0
WC-1982,1,Group 3,4,T-27,3,0,0,3,1,13,-12,0,0
WC-1982,1,Group 4,1,T-28,3,3,0,0,6,1,5,6,1
WC-1982,1,Group 4,2,T-30,3,1,1,1,6,5,1,3,1
WC-1982,1,Group 4,3,T-21,3,0,2,1,2,4,-2,2,0
WC-1982,1,Group 4,4,T-45,3,0,1,2,2,6,-4,1,0
WC-1982,1,Group 5,1,T-52,3,1,2,0,2,1,1,4,1
WC-1982,1,Group 5,2,T-73,3,1,1,1,3,3,0,3,1
WC-1982,1,Group 5,3,T-87,3,1,1,1,2,2,0,3,0
WC-1982,1,Group 5,4,T-35,3,0,2,1,2,3,-1,2,0
WC-1982,1,Group 6,1,T-09,3,3,0,0,10,2,8,6,1
WC-1982,1,Group 6,2,T-72,3,1,1,1,6,4,2,3,1
WC-1982,1,Group 6,3,T-64,3,1,1,1,8,8,0,3,0
WC-1982,1,Group 6,4,T-49,3,0,0,3,2,12,-10,0,0
WC-1982,2,Group A,1,T-57,2,1,1,0,3,0,3,3,1
WC-1982,2,Group A,2,T-72,2,1,1,0,1,0,1,3,0
WC-1982,2,Group A,3,T-06,2,0,0,2,0,4,-4,0,0
WC-1982,2,Group B,1,T-86,2,1,1,0,2,1,1,3,1
WC-1982,2,Group B,2,T-28,2,0,2,0,0,0,0,2,0
WC-1982,2,Group B,3,T-73,2,0,1,1,1,2,-1,1,0
WC-1982,2,Group C,1,T-41,2,2,0,0,5,3,2,4,1
WC-1982,2,Group C,2,T-09,2,1,0,1,5,4,1,2,0
WC-1982,2,Group C,3,T-03,2,0,0,2,2,5,-3,0,0
WC-1982,2,Group D,1,T-30,2,2,0,0,5,1,4,4,1
WC-1982,2,Group D,2,T-05,2,0,1,1,2,3,-1,1,0
WC-1982,2,Group D,3,T-52,2,0,1,1,3,6,-3,1,0
WC-1986,1,Group A,1,T-03,3,2,1,0,6,2,4,5,1
WC-1986,1,Group A,2,T-41,3,1,2,0,5,4,1,4,1
WC-1986,1,Group A,3,T-10,3,0,2,1,2,4,-2,2,1
WC-1986,1,Group A,4,T-71,3,0,1,2,4,7,-3,1,0
WC-1986,1,Group B,1,T-46,3,2,1,0,4,2,2,5,1
WC-1986,1,Group B,2,T-55,3,1,2,0,4,3,1,4,1
WC-1986,1,Group B,3,T-06,3,1,1,1,5,5,0,3,1
WC-1986,1,Group B,4,T-39,3,0,0,3,1,4,-3,0,0
WC-1986,1,Group C,1,T-72,3,2,1,0,9,1,8,5,1
WC-1986,1,Group C,2,T-30,3,2,1,0,5,1,4,5,1
WC-1986,1,Group C,3,T-36,3,1,0,2,2,9,-7,2,0
WC-1986,1,Group C,4,T-12,3,0,0,3,0,5,-5,0,0
WC-1986,1,Group D,1,T-09,3,3,0,0,5,0,5,6,1
WC-1986,1,Group D,2,T-73,3,2,0,1,5,2,3,4,1
WC-1986,1,Group D,3,T-52,3,0,1,2,2,6,-4,1,0
WC-1986,1,Group D,4,T-01,3,0,1,2,1,5,-4,1,0
WC-1986,1,Group E,1,T-22,3,3,0,0,9,1,8,6,1
WC-1986,1,Group E,2,T-86,3,1,1,1,3,4,-1,3,1
WC-1986,1,Group E,3,T-84,3,0,2,1,2,7,-5,2,1
WC-1986,1,Group E,4,T-64,3,0,1,2,1,3,-2,1,0
WC-1986,1,Group F,1,T-47,3,1,2,0,3,1,2,4,1
WC-1986,1,Group F,2,T-28,3,1,1,1,3,1,2,3,1
WC-1986,1,Group F,3,T-57,3,1,1,1,1,3,-2,3,1
WC-1986,1,Group F,4,T-58,3,1,0,2,2,4,-2,2,0
WC-1990,1,Group A,1,T-41,3,3,0,0,4,0,4,6,1
WC-1990,1,Group A,2,T-21,3,2,0,1,6,3,3,4,1
WC-1990,1,Group A,3,T-05,3,1,0,2,2,3,-1,2,0
WC-1990,1,Group A,4,T-83,3,0,0,3,2,8,-6,0,0
WC-1990,1,Group B,1,T-11,3,2,0,1,3,5,-2,4,1
WC-1990,1,Group B,2,T-61,3,1,1,1,4,3,1,3,1
WC-1990,1,Group B,3,T-03,3,1,1,1,3,2,1,3,1
WC-1990,1,Group B,4,T-72,3,1,0,2,4,4,0,2,0
WC-1990,1,Group C,1,T-09,3,3,0,0,4,1,3,6,1
WC-1990,1,Group C,2,T-17,3,2,0,1,3,2,1,4,1
WC-1990,1,Group C,3,T-64,3,1,0,2,2,3,-1,2,0
WC-1990,1,Group C,4,T-74,3,0,0,3,3,6,-3,0,0
WC-1990,1,Group D,1,T-86,3,2,1,0,10,3,7,5,1
WC-1990,1,Group D,2,T-87,3,2,0,1,6,5,1,4,1
WC-1990,1,Group D,3,T-16,3,1,1,1,3,2,1,3,1
WC-1990,1,Group D,4,T-82,3,0,0,3,2,11,-9,0,0
WC-1990,1,Group E,1,T-73,3,2,1,0,5,2,3,5,1
WC-1990,1,Group E,2,T-06,3,2,0,1,6,3,3,4,1
WC-1990,1,Group E,3,T-84,3,1,1,1,2,3,-1,3,1
WC-1990,1,Group E,4,T-71,3,0,0,3,1,6,-5,0,0
WC-1990,1,Group F,1,T-28,3,1,2,0,2,1,1,4,1
WC-1990,1,Group F,2,T-60,3,0,3,0,2,2,0,3,1
WC-1990,1,Group F,3,T-48,3,0,3,0,2,2,0,3,1
WC-1990,1,Group F,4,T-26,3,0,2,1,1,2,-1,2,0
WC-1991,1,Group A,1,T-14,3,2,1,0,10,3,7,5,1
WC-1991,1,Group A,2,T-53,3,2,0,1,6,5,1,4,1
WC-1991,1,Group A,3,T-22,3,1,1,1,6,4,2,3,1
WC-1991,1,Group A,4,T-49,3,0,0,3,1,11,-10,0,0
WC-1991,1,Group B,1,T-83,3,3,0,0,11,2,9,6,1
WC-1991,1,Group B,2,T-74,3,2,0,1,12,3,9,4,1
WC-1991,1,Group B,3,T-09,3,1,0,2,1,7,-6,2,0
WC-1991,1,Group B,4,T-44,3,0,0,3,0,12,-12,0,0
WC-1991,1,Group C,1,T-31,3,3,0,0,9,0,9,6,1
WC-1991,1,Group C,2,T-41,3,2,0,1,6,2,4,4,1
WC-1991,1,Group C,3,T-15,3,1,0,2,2,8,-6,2,1
WC-1991,1,Group C,4,T-50,3,0,0,3,0,7,-7,0,0
WC-1994,1,Group A,1,T-61,3,2,0,1,5,5,0,6,1
WC-1994,1,Group A,2,T-75,3,1,1,1,5,4,1,4,1
WC-1994,1,Group A,3,T-83,3,1,1,1,3,3,0,4,1
WC-1994,1,Group A,4,T-16,3,1,0,2,4,5,-1,3,0
WC-1994,1,Group B,1,T-09,3,2,1,0,6,1,5,7,1
WC-1994,1,Group B,2,T-74,3,1,2,0,6,4,2,5,1
WC-1994,1,Group B,3,T-62,3,1,0,2,7,6,1,3,0
WC-1994,1,Group B,4,T-11,3,0,1,2,3,11,-8,1,0
WC-1994,1,Group C,1,T-31,3,2,1,0,5,3,2,7,1
WC-1994,1,Group C,2,T-73,3,1,2,0,6,4,2,5,1
WC-1994,1,Group C,3,T-71,3,0,2,1,4,5,-1,2,0
WC-1994,1,Group C,4,T-07,3,0,1,2,1,4,-3,1,0
WC-1994,1,Group D,1,T-50,3,2,0,1,6,2,4,6,1
WC-1994,1,Group D,2,T-10,3,2,0,1,6,3,3,6,1
WC-1994,1,Group D,3,T-03,3,2,0,1,6,3,3,6,1
WC-1994,1,Group D,4,T-33,3,0,0,3,0,10,-10,0,0
WC-1994,1,Group E,1,T-46,3,1,1,1,3,3,0,4,1
WC-1994,1,Group E,2,T-60,3,1,1,1,2,2,0,4,1
WC-1994,1,Group E,3,T-41,3,1,1,1,2,2,0,4,1
WC-1994,1,Group E,4,T-53,3,1,1,1,1,1,0,4,0
WC-1994,1,Group F,1,T-48,3,2,0,1,4,3,1,6,1
WC-1994,1,Group F,2,T-63,3,2,0,1,4,3,1,6,1
WC-1994,1,Group F,3,T-06,3,2,0,1,2,1,1,6,1
WC-1994,1,Group F,4,T-47,3,0,0,3,2,5,-3,0,0
WC-1995,1,Group A,1,T-31,3,2,0,1,9,4,5,6,1
WC-1995,1,Group A,2,T-74,3,2,0,1,5,3,2,6,1
WC-1995,1,Group A,3,T-44,3,1,0,2,2,4,-2,3,1
WC-1995,1,Group A,4,T-09,3,1,0,2,3,8,-5,3,0
WC-1995,1,Group B,1,T-53,3,3,0,0,17,0,17,9,1
WC-1995,1,Group B,2,T-28,3,2,0,1,6,6,0,6,1
WC-1995,1,Group B,3,T-12,3,0,1,2,5,13,-8,1,0
WC-1995,1,Group B,4,T-50,3,0,1,2,5,14,-9,1,0
WC-1995,1,Group C,1,T-83,3,2,1,0,9,4,5,7,1
WC-1995,1,Group C,2,T-14,3,2,1,0,10,6,4,7,1
WC-1995,1,Group C,3,T-22,3,1,0,2,6,5,1,3,1
WC-1995,1,Group C,4,T-04,3,0,0,3,3,13,-10,0,0
WC-1998,1,Group A,1,T-09,3,2,0,1,6,3,3,6,1
WC-1998,1,Group A,2,T-53,3,1,2,0,5,4,1,5,1
WC-1998,1,Group A,3,T-47,3,1,1,1,5,5,0,4,0
WC-1998,1,Group A,4,T-64,3,0,1,2,2,6,-4,1,0
WC-1998,1,Group B,1,T-41,3,2,1,0,7,3,4,7,1
WC-1998,1,Group B,2,T-13,3,0,3,0,4,4,0,3,1
WC-1998,1,Group B,3,T-05,3,0,2,1,3,4,-1,2,0
WC-1998,1,Group B,4,T-11,3,0,2,1,2,5,-3,2,0
WC-1998,1,Group C,1,T-30,3,3,0,0,9,1,8,9,1
WC-1998,1,Group C,2,T-22,3,1,1,1,3,3,0,4,1
WC-1998,1,Group C,3,T-70,3,0,2,1,3,6,-3,2,0
WC-1998,1,Group C,4,T-63,3,0,1,2,2,7,-5,1,0
WC-1998,1,Group D,1,T-50,3,2,0,1,5,5,0,6,1
WC-1998,1,Group D,2,T-55,3,1,2,0,3,1,2,5,1
WC-1998,1,Group D,3,T-73,3,1,1,1,8,4,4,4,0
WC-1998,1,Group D,4,T-10,3,0,1,2,1,7,-6,1,0
WC-1998,1,Group E,1,T-48,3,1,2,0,7,2,5,5,1
WC-1998,1,Group E,2,T-46,3,1,2,0,7,5,2,5,1
WC-1998,1,Group E,3,T-06,3,0,3,0,3,3,0,3,0
WC-1998,1,Group E,4,T-71,3,0,1,2,2,9,-7,1,0
WC-1998,1,Group F,1,T-31,3,2,1,0,6,2,4,7,1
WC-1998,1,Group F,2,T-87,3,2,1,0,4,2,2,7,1
WC-1998,1,Group F,3,T-38,3,1,0,2,2,4,-2,3,0
WC-1998,1,Group F,4,T-83,3,0,0,3,1,5,-4,0,0
WC-1998,1,Group G,1,T-61,3,2,1,0,4,2,2,7,1
WC-1998,1,Group G,2,T-28,3,2,0,1,5,2,3,6,1
WC-1998,1,Group G,3,T-16,3,1,0,2,1,3,-2,3,0
WC-1998,1,Group G,4,T-79,3,0,1,2,1,4,-3,1,0
WC-1998,1,Group H,1,T-03,3,3,0,0,7,0,7,9,1
WC-1998,1,Group H,2,T-18,3,2,0,1,4,2,2,6,1
WC-1998,1,Group H,3,T-43,3,1,0,2,3,9,-6,3,0
WC-1998,1,Group H,4,T-44,3,0,0,3,1,4,-3,0,0
WC-1999,1,Group A,1,T-83,3,3,0,0,13,1,12,9,1
WC-1999,1,Group A,2,T-50,3,2,0,1,5,8,-3,6,1
WC-1999,1,Group A,3,T-51,3,1,0,2,4,6,-2,3,0
WC-1999,1,Group A,4,T-22,3,0,0,3,1,8,-7,0,0
WC-1999,1,Group B,1,T-09,3,2,1,0,12,4,8,7,1
WC-1999,1,Group B,2,T-31,3,1,2,0,10,4,6,5,1
WC-1999,1,Group B,3,T-41,3,1,1,1,3,3,0,4,0
WC-1999,1,Group B,4,T-46,3,0,0,3,1,15,-14,0,0
WC-1999,1,Group C,1,T-53,3,3,0,0,13,2,11,9,1
WC-1999,1,Group C,2,T-62,3,2,0,1,10,3,7,6,1
WC-1999,1,Group C,3,T-12,3,0,1,2,3,12,-9,1,0
WC-1999,1,Group C,4,T-44,3,0,1,2,1,10,-9,1,0
WC-1999,1,Group D,1,T-14,3,3,0,0,12,2,10,9,1
WC-1999,1,Group D,2,T-74,3,2,0,1,6,3,3,6,1
WC-1999,1,Group D,3,T-04,3,0,1,2,3,7,-4,1,0
WC-1999,1,Group D,4,T-32,3,0,1,2,1,10,-9,1,0
WC-2002,1,Group A,1,T-22,3,2,1,0,5,2,3,7,1
WC-2002,1,Group A,2,T-65,3,1,2,0,5,4,1,5,1
WC-2002,1,Group A,3,T-84,3,0,2,1,4,5,-1,2,0
WC-2002,1,Group A,4,T-30,3,0,1,2,0,3,-3,1,0
WC-2002,1,Group B,1,T-73,3,3,0,0,9,4,5,9,1
WC-2002,1,Group B,2,T-55,3,1,1,1,6,6,0,4,1
WC-2002,1,Group B,3,T-70,3,1,1,1,5,5,0,4,0
WC-2002,1,Group B,4,T-69,3,0,0,3,2,7,-5,0,0
WC-2002,1,Group C,1,T-09,3,3,0,0,11,3,8,9,1
WC-2002,1,Group C,2,T-80,3,1,1,1,5,3,2,4,1
WC-2002,1,Group C,3,T-17,3,1,1,1,5,6,-1,4,0
WC-2002,1,Group C,4,T-14,3,0,0,3,0,9,-9,0,0
WC-2002,1,Group D,1,T-71,3,2,1,0,4,1,3,7,1
WC-2002,1,Group D,2,T-83,3,1,1,1,5,6,-1,4,1
WC-2002,1,Group D,3,T-58,3,1,0,2,6,4,2,3,0
WC-2002,1,Group D,4,T-57,3,1,0,2,3,7,-4,3,0
WC-2002,1,Group E,1,T-31,3,2,1,0,11,1,10,7,1
WC-2002,1,Group E,2,T-60,3,1,2,0,5,2,3,5,1
WC-2002,1,Group E,3,T-11,3,1,1,1,2,3,-1,4,0
WC-2002,1,Group E,4,T-63,3,0,0,3,0,12,-12,0,0
WC-2002,1,Group F,1,T-74,3,1,2,0,4,3,1,5,1
WC-2002,1,Group F,2,T-28,3,1,2,0,2,1,1,5,1
WC-2002,1,Group F,3,T-03,3,1,1,1,2,2,0,4,0
WC-2002,1,Group F,4,T-50,3,0,1,2,1,3,-2,1,0
WC-2002,1,Group G,1,T-46,3,2,1,0,4,2,2,7,1
WC-2002,1,Group G,2,T-41,3,1,1,1,4,3,1,4,1
WC-2002,1,Group G,3,T-18,3,1,0,2,2,3,-1,3,0
WC-2002,1,Group G,4,T-25,3,1,0,2,2,4,-2,3,0
WC-2002,1,Group H,1,T-44,3,2,1,0,5,2,3,7,1
WC-2002,1,Group H,2,T-06,3,1,2,0,6,5,1,5,1
WC-2002,1,Group H,3,T-62,3,1,0,2,4,4,0,3,0
WC-2002,1,Group H,4,T-79,3,0,1,2,1,5,-4,1,0
WC-2003,1,Group A,1,T-83,3,3,0,0,11,1,10,9,1
WC-2003,1,Group A,2,T-74,3,2,0,1,5,3,2,6,1
WC-2003,1,Group A,3,T-51,3,1,0,2,3,4,-1,3,0
WC-2003,1,Group A,4,T-50,3,0,0,3,0,11,-11,0,0
WC-2003,1,Group B,1,T-09,3,2,1,0,8,2,6,7,1
WC-2003,1,Group B,2,T-53,3,2,0,1,10,5,5,6,1
WC-2003,1,Group B,3,T-30,3,1,1,1,2,3,-1,4,0
WC-2003,1,Group B,4,T-71,3,0,0,3,1,11,-10,0,0
WC-2003,1,Group C,1,T-31,3,3,0,0,13,2,11,9,1
WC-2003,1,Group C,2,T-12,3,2,0,1,7,5,2,6,1
WC-2003,1,Group C,3,T-44,3,1,0,2,7,6,1,3,0
WC-2003,1,Group C,4,T-03,3,0,0,3,1,15,-14,0,0
WC-2003,1,Group D,1,T-14,3,2,1,0,3,1,2,7,1
WC-2003,1,Group D,2,T-62,3,2,0,1,5,2,3,6,1
WC-2003,1,Group D,3,T-32,3,1,0,2,2,5,-3,3,0
WC-2003,1,Group D,4,T-04,3,0,1,2,3,5,-2,1,0
WC-2006,1,Group A,1,T-31,3,3,0,0,8,2,6,9,1
WC-2006,1,Group A,2,T-25,3,2,0,1,5,3,2,6,1
WC-2006,1,Group A,3,T-57,3,1,0,2,2,4,-2,3,0
WC-2006,1,Group A,4,T-17,3,0,0,3,3,9,-6,0,0
WC-2006,1,Group B,1,T-28,3,2,1,0,5,2,3,7,1
WC-2006,1,Group B,2,T-74,3,1,2,0,3,2,1,5,1
WC-2006,1,Group B,3,T-55,3,1,0,2,2,2,0,3,0
WC-2006,1,Group B,4,T-78,3,0,1,2,0,4,-4,1,0
WC-2006,1,Group C,1,T-03,3,2,1,0,8,1,7,7,1
WC-2006,1,Group C,2,T-48,3,2,1,0,3,1,2,7,1
WC-2006,1,Group C,3,T-42,3,1,0,2,5,6,-1,3,0
WC-2006,1,Group C,4,T-67,3,0,0,3,2,10,-8,0,0
WC-2006,1,Group D,1,T-58,3,3,0,0,5,1,4,9,1
WC-2006,1,Group D,2,T-46,3,1,1,1,4,3,1,4,1
WC-2006,1,Group D,3,T-02,3,0,2,1,1,2,-1,2,0
WC-2006,1,Group D,4,T-38,3,0,1,2,2,6,-4,1,0
WC-2006,1,Group E,1,T-41,3,2,1,0,5,1,4,7,1
WC-2006,1,Group E,2,T-32,3,2,0,1,4,3,1,6,1
WC-2006,1,Group E,3,T-20,3,1,0,2,3,4,-1,3,0
WC-2006,1,Group E,4,T-83,3,0,1,2,2,6,-4,1,0
WC-2006,1,Group F,1,T-09,3,3,0,0,7,1,6,9,1
WC-2006,1,Group F,2,T-04,3,1,1,1,5,5,0,4,1
WC-2006,1,Group F,3,T-18,3,0,2,1,2,3,-1,2,0
WC-2006,1,Group F,4,T-44,3,0,1,2,2,7,-5,1,0
WC-2006,1,Group G,1,T-75,3,2,1,0,4,0,4,7,1
WC-2006,1,Group G,2,T-30,3,1,2,0,3,1,2,5,1
WC-2006,1,Group G,3,T-71,3,1,1,1,3,4,-1,4,0
WC-2006,1,Group G,4,T-77,3,0,0,3,1,6,-5,0,0
WC-2006,1,Group H,1,T-73,3,3,0,0,8,1,7,9,1
WC-2006,1,Group H,2,T-81,3,2,0,1,5,4,1,6,1
WC-2006,1,Group H,3,T-79,3,0,1,2,3,6,-3,1,0
WC-2006,1,Group H,4,T-63,3,0,1,2,2,7,-5,1,0
WC-2007,1,Group A,1,T-31,3,2,1,0,13,0,13,7,1
WC-2007,1,Group A,2,T-28,3,1,2,0,8,3,5,5,1
WC-2007,1,Group A,3,T-44,3,1,1,1,3,4,-1,4,0
WC-2007,1,Group A,4,T-03,3,0,0,3,1,18,-17,0,0
WC-2007,1,Group B,1,T-83,3,2,1,0,5,2,3,7,1
WC-2007,1,Group B,2,T-51,3,1,1,1,5,4,1,4,1
WC-2007,1,Group B,3,T-74,3,1,1,1,3,4,-1,4,0
WC-2007,1,Group B,4,T-50,3,0,1,2,1,4,-3,1,0
WC-2007,1,Group C,1,T-53,3,2,1,0,10,4,6,7,1
WC-2007,1,Group C,2,T-04,3,1,2,0,7,4,3,5,1
WC-2007,1,Group C,3,T-12,3,1,1,1,7,4,3,4,0
WC-2007,1,Group C,4,T-32,3,0,0,3,3,15,-12,0,0
WC-2007,1,Group D,1,T-09,3,3,0,0,10,0,10,9,1
WC-2007,1,Group D,2,T-14,3,2,0,1,5,6,-1,6,1
WC-2007,1,Group D,3,T-22,3,1,0,2,4,4,0,3,0
WC-2007,1,Group D,4,T-49,3,0,0,3,0,9,-9,0,0
WC-2010,1,Group A,1,T-84,3,2,1,0,4,0,4,7,1
WC-2010,1,Group A,2,T-46,3,1,1,1,3,2,1,4,1
WC-2010,1,Group A,3,T-70,3,1,1,1,3,5,-2,4,0
WC-2010,1,Group A,4,T-30,3,0,1,2,1,4,-3,1,0
WC-2010,1,Group B,1,T-03,3,3,0,0,7,1,6,9,1
WC-2010,1,Group B,2,T-71,3,1,1,1,5,6,-1,4,1
WC-2010,1,Group B,3,T-33,3,1,0,2,2,5,-3,3,0
WC-2010,1,Group B,4,T-50,3,0,1,2,3,5,-2,1,0
WC-2010,1,Group C,1,T-83,3,1,2,0,4,3,1,5,1
WC-2010,1,Group C,2,T-28,3,1,2,0,2,1,1,5,1
WC-2010,1,Group C,3,T-69,3,1,1,1,3,3,0,4,0
WC-2010,1,Group C,4,T-01,3,0,1,2,0,2,-2,1,0
WC-2010,1,Group D,1,T-31,3,2,0,1,5,1,4,6,1
WC-2010,1,Group D,2,T-32,3,1,1,1,2,2,0,4,1
WC-2010,1,Group D,3,T-04,3,1,1,1,3,6,-3,4,0
WC-2010,1,Group D,4,T-66,3,1,0,2,2,3,-1,3,0
WC-2010,1,Group E,1,T-48,3,3,0,0,5,1,4,9,1
WC-2010,1,Group E,2,T-44,3,2,0,1,4,2,2,6,1
WC-2010,1,Group E,3,T-22,3,1,0,2,3,6,-3,3,0
WC-2010,1,Group E,4,T-11,3,0,0,3,2,5,-3,0,0
WC-2010,1,Group F,1,T-55,3,1,2,0,3,1,2,5,1
WC-2010,1,Group F,2,T-68,3,1,1,1,4,5,-1,4,1
WC-2010,1,Group F,3,T-49,3,0,3,0,2,2,0,3,0
WC-2010,1,Group F,4,T-41,3,0,2,1,4,5,-1,2,0
WC-2010,1,Group G,1,T-09,3,2,1,0,5,2,3,7,1
WC-2010,1,Group G,2,T-58,3,1,2,0,7,0,7,5,1
WC-2010,1,Group G,3,T-42,3,1,1,1,4,3,1,4,0
WC-2010,1,Group G,4,T-51,3,0,0,3,1,12,-11,0,0
WC-2010,1,Group H,1,T-73,3,2,0,1,4,2,2,6,1
WC-2010,1,Group H,2,T-13,3,2,0,1,3,2,1,6,1
WC-2010,1,Group H,3,T-75,3,1,1,1,1,1,0,4,0
WC-2010,1,Group H,4,T-35,3,0,1,2,0,3,-3,1,0
WC-2011,1,Group A,1,T-31,3,3,0,0,7,3,4,9,1
WC-2011,1,Group A,2,T-30,3,2,0,1,7,4,3,6,1
WC-2011,1,Group A,3,T-50,3,1,0,2,1,2,-1,3,0
WC-2011,1,Group A,4,T-12,3,0,0,3,1,7,-6,0,0
WC-2011,1,Group B,1,T-28,3,2,1,0,5,2,3,7,1
WC-2011,1,Group B,2,T-44,3,2,0,1,6,3,3,6,1
WC-2011,1,Group B,3,T-46,3,0,2,1,3,7,-4,2,0
WC-2011,1,Group B,4,T-49,3,0,1,2,4,6,-2,1,0
WC-2011,1,Group C,1,T-74,3,3,0,0,4,1,3,9,1
WC-2011,1,Group C,2,T-83,3,2,0,1,6,2,4,6,1
WC-2011,1,Group C,3,T-51,3,0,1,2,0,3,-3,1,0
WC-2011,1,Group C,4,T-16,3,0,1,2,0,4,-4,1,0
WC-2011,1,Group D,1,T-09,3,3,0,0,7,0,7,9,1
WC-2011,1,Group D,2,T-04,3,2,0,1,5,4,1,6,1
WC-2011,1,Group D,3,T-53,3,1,0,2,2,5,-3,3,0
WC-2011,1,Group D,4,T-29,3,0,0,3,2,7,-5,0,0
WC-2014,1,Group A,1,T-09,3,2,1,0,7,2,5,7,1
WC-2014,1,Group A,2,T-46,3,2,1,0,4,1,3,7,1
WC-2014,1,Group A,3,T-18,3,1,0,2,6,6,0,3,0
WC-2014,1,Group A,4,T-11,3,0,0,3,1,9,-8,0,0
WC-2014,1,Group B,1,T-48,3,3,0,0,10,3,7,9,1
WC-2014,1,Group B,2,T-13,3,2,0,1,5,3,2,6,1
WC-2014,1,Group B,3,T-73,3,1,0,2,4,7,-3,3,0
WC-2014,1,Group B,4,T-04,3,0,0,3,3,9,-6,0,0
WC-2014,1,Group C,1,T-16,3,3,0,0,9,2,7,9,1
WC-2014,1,Group C,2,T-33,3,1,1,1,2,4,-2,4,1
WC-2014,1,Group C,3,T-42,3,1,0,2,4,5,-1,3,0
WC-2014,1,Group C,4,T-44,3,0,1,2,2,6,-4,1,0
WC-2014,1,Group D,1,T-17,3,2,1,0,4,1,3,7,1
WC-2014,1,Group D,2,T-84,3,2,0,1,4,4,0,6,1
WC-2014,1,Group D,3,T-41,3,1,0,2,2,3,-1,3,0
WC-2014,1,Group D,4,T-28,3,0,1,2,2,4,-2,1,0
WC-2014,1,Group E,1,T-30,3,2,1,0,8,2,6,7,1
WC-2014,1,Group E,2,T-75,3,2,0,1,7,6,1,6,1
WC-2014,1,Group E,3,T-25,3,1,1,1,3,3,0,4,0
WC-2014,1,Group E,4,T-35,3,0,0,3,1,8,-7,0,0
WC-2014,1,Group F,1,T-03,3,3,0,0,6,3,3,9,1
WC-2014,1,Group F,2,T-50,3,1,1,1,3,3,0,4,1
WC-2014,1,Group F,3,T-08,3,1,0,2,4,4,0,3,0
WC-2014,1,Group F,4,T-38,3,0,1,2,1,4,-3,1,0
WC-2014,1,Group G,1,T-31,3,2,1,0,7,2,5,7,1
WC-2014,1,Group G,2,T-83,3,1,1,1,4,4,0,4,1
WC-2014,1,Group G,3,T-58,3,1,1,1,4,7,-3,4,0
WC-2014,1,Group G,4,T-32,3,0,1,2,4,6,-2,1,0
WC-2014,1,Group H,1,T-06,3,3,0,0,4,1,3,9,1
WC-2014,1,Group H,2,T-01,3,1,1,1,6,5,1,4,1
WC-2014,1,Group H,3,T-62,3,0,2,1,2,3,-1,2,0
WC-2014,1,Group H,4,T-71,3,0,1,2,3,6,-3,1,0
WC-2015,1,Group A,1,T-12,3,1,2,0,2,1,1,5,1
WC-2015,1,Group A,2,T-14,3,1,1,1,3,3,0,4,1
WC-2015,1,Group A,3,T-48,3,1,1,1,2,2,0,4,1
WC-2015,1,Group A,4,T-49,3,0,2,1,2,3,-1,2,0
WC-2015,1,Group B,1,T-31,3,2,1,0,15,1,14,7,1
WC-2015,1,Group B,2,T-53,3,2,1,0,8,2,6,7,1
WC-2015,1,Group B,3,T-76,3,1,0,2,3,10,-7,3,0
WC-2015,1,Group B,4,T-42,3,0,0,3,3,16,-13,0,0
WC-2015,1,Group C,1,T-44,3,3,0,0,4,1,3,9,1
WC-2015,1,Group C,2,T-11,3,2,0,1,9,3,6,6,1
WC-2015,1,Group C,3,T-75,3,1,0,2,11,4,7,3,1
WC-2015,1,Group C,4,T-25,3,0,0,3,1,17,-16,0,0
WC-2015,1,Group D,1,T-83,3,2,1,0,4,1,3,7,1
WC-2015,1,Group D,2,T-04,3,1,1,1,4,4,0,4,1
WC-2015,1,Group D,3,T-74,3,0,3,0,4,4,0,3,1
WC-2015,1,Group D,4,T-50,3,0,1,2,3,6,-3,1,0
WC-2015,1,Group E,1,T-09,3,3,0,0,4,0,4,9,1
WC-2015,1,Group E,2,T-71,3,1,1,1,4,5,-1,4,1
WC-2015,1,Group E,3,T-17,3,0,2,1,3,4,-1,2,0
WC-2015,1,Group E,4,T-73,3,0,1,2,2,4,-2,1,0
WC-2015,1,Group F,1,T-30,3,2,0,1,6,2,4,6,1
WC-2015,1,Group F,2,T-28,3,2,0,1,4,3,1,6,1
WC-2015,1,Group F,3,T-16,3,1,1,1,4,3,1,4,1
WC-2015,1,Group F,4,T-46,3,0,1,2,2,8,-6,1,0
WC-2018,1,Group A,1,T-84,3,3,0,0,5,0,5,9,1
WC-2018,1,Group A,2,T-62,3,2,0,1,8,4,4,6,1
WC-2018,1,Group A,3,T-63,3,1,0,2,2,7,-5,3,0
WC-2018,1,Group A,4,T-26,3,0,0,3,2,6,-4,0,0
WC-2018,1,Group B,1,T-73,3,1,2,0,6,5,1,5,1
WC-2018,1,Group B,2,T-58,3,1,2,0,5,4,1,5,1
WC-2018,1,Group B,3,T-38,3,1,1,1,2,2,0,4,0
WC-2018,1,Group B,4,T-47,3,0,1,2,2,4,-2,1,0
WC-2018,1,Group C,1,T-30,3,2,1,0,3,1,2,7,1
WC-2018,1,Group C,2,T-22,3,1,2,0,2,1,1,5,1
WC-2018,1,Group C,3,T-56,3,1,0,2,2,2,0,3,0
WC-2018,1,Group C,4,T-04,3,0,1,2,2,5,-3,1,0
WC-2018,1,Group D,1,T-18,3,3,0,0,7,1,6,9,1
WC-2018,1,Group D,2,T-03,3,1,1,1,3,5,-2,4,1
WC-2018,1,Group D,3,T-50,3,1,0,2,3,4,-1,3,0
WC-2018,1,Group D,4,T-37,3,0,1,2,2,5,-3,1,0
WC-2018,1,Group E,1,T-09,3,2,1,0,5,1,4,7,1
WC-2018,1,Group E,2,T-75,3,1,2,0,5,4,1,5,1
WC-2018,1,Group E,3,T-66,3,1,0,2,2,4,-2,3,0
WC-2018,1,Group E,4,T-17,3,0,1,2,2,5,-3,1,0
WC-2018,1,Group F,1,T-74,3,2,0,1,5,2,3,6,1
WC-2018,1,Group F,2,T-46,3,2,0,1,3,4,-1,6,1
WC-2018,1,Group F,3,T-71,3,1,0,2,3,3,0,3,0
WC-2018,1,Group F,4,T-31,3,1,0,2,2,4,-2,3,0
WC-2018,1,Group G,1,T-06,3,3,0,0,9,2,7,9,1
WC-2018,1,Group G,2,T-28,3,2,0,1,8,3,5,6,1
WC-2018,1,Group G,3,T-79,3,1,0,2,5,8,-3,3,0
WC-2018,1,Group G,4,T-54,3,0,0,3,2,11,-9,0,0
WC-2018,1,Group H,1,T-16,3,2,0,1,5,2,3,6,1
WC-2018,1,Group H,2,T-44,3,1,1,1,4,4,0,4,1
WC-2018,1,Group H,3,T-65,3,1,1,1,4,4,0,4,0
WC-2018,1,Group H,4,T-57,3,1,0,2,2,5,-3,3,0
WC-2019,1,Group A,1,T-30,3,3,0,0,7,1,6,9,1
WC-2019,1,Group A,2,T-53,3,2,0,1,6,3,3,6,1
WC-2019,1,Group A,3,T-50,3,1,0,2,2,4,-2,3,1
WC-2019,1,Group A,4,T-71,3,0,0,3,1,8,-7,0,0
WC-2019,1,Group B,1,T-31,3,3,0,0,6,0,6,9,1
WC-2019,1,Group B,2,T-73,3,1,1,1,3,2,1,4,1
WC-2019,1,Group B,3,T-14,3,1,1,1,1,1,0,4,1
WC-2019,1,Group B,4,T-70,3,0,0,3,1,8,-7,0,0
WC-2019,1,Group C,1,T-41,3,2,0,1,7,2,5,6,1
WC-2019,1,Group C,2,T-04,3,2,0,1,8,5,3,6,1
WC-2019,1,Group C,3,T-09,3,2,0,1,6,3,3,6,1
WC-2019,1,Group C,4,T-43,3,0,0,3,1,12,-11,0,0
WC-2019,1,Group D,1,T-28,3,3,0,0,5,1,4,9,1
WC-2019,1,Group D,2,T-44,3,1,1,1,2,3,-1,4,1
WC-2019,1,Group D,3,T-03,3,0,2,1,3,4,-1,2,0
WC-2019,1,Group D,4,T-64,3,0,1,2,5,7,-2,1,0
WC-2019,1,Group E,1,T-48,3,3,0,0,6,2,4,9,1
WC-2019,1,Group E,2,T-12,3,2,0,1,4,2,2,6,1
WC-2019,1,Group E,3,T-11,3,1,0,2,3,5,-2,3,1
WC-2019,1,Group E,4,T-49,3,0,0,3,1,5,-4,0,0
WC-2019,1,Group F,1,T-83,3,3,0,0,18,0,18,9,1
WC-2019,1,Group F,2,T-74,3,2,0,1,7,3,4,6,1
WC-2019,1,Group F,3,T-13,3,1,0,2,2,5,-3,3,0
WC-2019,1,Group F,4,T-76,3,0,0,3,1,20,-19,0,0
WC-2022,1,Group A,1,T-48,3,2,1,0,5,1,4,7,1
WC-2022,1,Group A,2,T-65,3,2,0,1,5,4,1,6,1
WC-2022,1,Group A,3,T-25,3,1,1,1,4,3,1,4,0
WC-2022,1,Group A,4,T-59,3,0,0,3,1,7,-6,0,0
WC-2022,1,Group B,1,T-28,3,2,1,0,9,2,7,7,1
WC-2022,1,Group B,2,T-83,3,1,2,0,2,1,1,5,1
WC-2022,1,Group B,3,T-38,3,1,0,2,4,7,-3,3,0
WC-2022,1,Group B,4,T-85,3,0,1,2,1,6,-5,1,0
WC-2022,1,Group C,1,T-03,3,2,0,1,5,2,3,6,1
WC-2022,1,Group C,2,T-57,3,1,1,1,2,2,0,4,1
WC-2022,1,Group C,3,T-46,3,1,1,1,2,3,-1,4,0
WC-2022,1,Group C,4,T-63,3,1,0,2,3,5,-2,3,0
WC-2022,1,Group D,1,T-30,3,2,0,1,6,3,3,6,1
WC-2022,1,Group D,2,T-04,3,2,0,1,3,4,-1,6,1
WC-2022,1,Group D,3,T-79,3,1,1,1,1,1,0,4,0
WC-2022,1,Group D,4,T-22,3,0,1,2,1,3,-2,1,0
WC-2022,1,Group E,1,T-44,3,2,0,1,4,3,1,6,1
WC-2022,1,Group E,2,T-73,3,1,1,1,9,3,6,4,1
WC-2022,1,Group E,3,T-31,3,1,1,1,6,5,1,4,0
WC-2022,1,Group E,4,T-17,3,1,0,2,3,11,-8,3,0
WC-2022,1,Group F,1,T-47,3,2,1,0,4,1,3,7,1
WC-2022,1,Group F,2,T-18,3,1,2,0,4,1,3,5,1
WC-2022,1,Group F,3,T-06,3,1,1,1,1,2,-1,4,0
WC-2022,1,Group F,4,T-12,3,0,0,3,2,7,-5,0,0
WC-2022,1,Group G,1,T-09,3,2,0,1,3,1,2,6,1
WC-2022,1,Group G,2,T-75,3,2,0,1,4,3,1,6,1
WC-2022,1,Group G,3,T-11,3,1,1,1,4,4,0,4,0
WC-2022,1,Group G,4,T-66,3,0,1,2,5,8,-3,1,0
WC-2022,1,Group H,1,T-58,3,2,0,1,6,4,2,6,1
WC-2022,1,Group H,2,T-71,3,1,1,1,4,4,0,4,1
WC-2022,1,Group H,3,T-84,3,1,1,1,2,2,0,4,0
WC-2022,1,Group H,4,T-32,3,1,0,2,5,7,-2,3,0
