tournament_id,team_id,performance
WC-1930,T-84,champions
WC-1934,T-41,champions
WC-1938,T-30,quater-finals
WC-1950,T-09,runners-up
WC-1954,T-75,quarter-final
WC-1958,T-74,runners-up
WC-1962,T-13,third place
WC-1966,T-28,champions
WC-1970,T-46,quater-finals
WC-1974,T-86,champions
WC-1978,T-03,champions
WC-1982,T-73,second group stage
WC-1986,T-46,quater-finals
WC-1990,T-41,third place
WC-1991,T-14,quarter-finals
WC-1994,T-83,round of 16
WC-1995,T-74,quarter-finals
WC-1998,T-30,champions
WC-1999,T-83,champions
WC-2002,T-44,round of 16
WC-2002,T-71,fourth place
WC-2003,T-83,third place
WC-2006,T-31,third place
WC-2007,T-14,quarter-finals
WC-2010,T-70,group stage
WC-2011,T-31,quarter-finals
WC-2014,T-09,fourth place
WC-2015,T-12,quarter-finals
WC-2018,T-62,quater-finals
WC-2019,T-30,quarter-finals
WC-2022,T-59,group stage
