tournament_id,match_id,team_id,home_team,away_team,manager_id
WC-1930,M-1930-01,T-30,1,0,M-075
WC-1930,M-1930-01,T-46,0,1,M-235
WC-1930,M-1930-02,T-83,1,0,M-265
WC-1930,M-1930-02,T-06,0,1,M-140
WC-1930,M-1930-03,T-87,1,0,M-397
WC-1930,M-1930-03,T-09,0,1,M-091
WC-1930,M-1930-04,T-61,1,0,M-341
WC-1930,M-1930-04,T-56,0,1,M-061
WC-1930,M-1930-05,T-03,1,0,M-296
WC-1930,M-1930-05,T-03,1,0,M-432
WC-1930,M-1930-05,T-30,0,1,M-075
WC-1930,M-1930-06,T-13,1,0,M-302
WC-1930,M-1930-06,T-46,0,1,M-235
WC-1930,M-1930-07,T-87,1,0,M-397
WC-1930,M-1930-07,T-07,0,1,M-381
WC-1930,M-1930-08,T-83,1,0,M-265
WC-1930,M-1930-08,T-55,0,1,M-109
WC-1930,M-1930-09,T-84,1,0,M-415
WC-1930,M-1930-09,T-56,0,1,M-061
WC-1930,M-1930-10,T-13,1,0,M-302
WC-1930,M-1930-10,T-30,0,1,M-075
WC-1930,M-1930-11,T-03,1,0,M-296
WC-1930,M-1930-11,T-03,1,0,M-432
WC-1930,M-1930-11,T-46,0,1,M-235
WC-1930,M-1930-12,T-09,1,0,M-091
WC-1930,M-1930-12,T-07,0,1,M-381
WC-1930,M-1930-13,T-55,1,0,M-109
WC-1930,M-1930-13,T-06,0,1,M-140
WC-1930,M-1930-14,T-84,1,0,M-415
WC-1930,M-1930-14,T-61,0,1,M-341
WC-1930,M-1930-15,T-03,1,0,M-296
WC-1930,M-1930-15,T-03,1,0,M-432
WC-1930,M-1930-15,T-13,0,1,M-302
WC-1930,M-1930-16,T-03,1,0,M-296
WC-1930,M-1930-16,T-03,1,0,M-432
WC-1930,M-1930-16,T-83,0,1,M-265
WC-1930,M-1930-17,T-84,1,0,M-415
WC-1930,M-1930-17,T-87,0,1,M-397
WC-1930,M-1930-18,T-84,1,0,M-415
WC-1930,M-1930-18,T-03,0,1,M-296
WC-1930,M-1930-18,T-03,0,1,M-432
WC-1934,M-1934-01,T-05,1,0,M-250
WC-1934,M-1934-01,T-30,0,1,M-203
WC-1934,M-1934-02,T-21,1,0,M-320
WC-1934,M-1934-02,T-61,0,1,M-341
WC-1934,M-1934-02,T-61,0,1,M-439
WC-1934,M-1934-03,T-31,1,0,M-286
WC-1934,M-1934-03,T-06,0,1,M-140
WC-1934,M-1934-04,T-36,1,0,M-280
WC-1934,M-1934-04,T-26,0,1,M-249
WC-1934,M-1934-05,T-41,1,0,M-333
WC-1934,M-1934-05,T-83,0,1,M-146
WC-1934,M-1934-06,T-73,1,0,M-133
WC-1934,M-1934-06,T-09,0,1,M-456
WC-1934,M-1934-07,T-74,1,0,M-321
WC-1934,M-1934-07,T-03,0,1,M-312
WC-1934,M-1934-08,T-75,1,0,M-275
WC-1934,M-1934-08,T-48,0,1,M-136
WC-1934,M-1934-09,T-05,1,0,M-250
WC-1934,M-1934-09,T-36,0,1,M-280
WC-1934,M-1934-10,T-21,1,0,M-320
WC-1934,M-1934-10,T-75,0,1,M-275
WC-1934,M-1934-11,T-31,1,0,M-286
WC-1934,M-1934-11,T-74,0,1,M-321
WC-1934,M-1934-12,T-41,1,0,M-333
WC-1934,M-1934-12,T-73,0,1,M-133
WC-1934,M-1934-13,T-41,1,0,M-333
WC-1934,M-1934-13,T-73,0,1,M-133
WC-1934,M-1934-14,T-21,1,0,M-320
WC-1934,M-1934-14,T-31,0,1,M-286
WC-1934,M-1934-15,T-41,1,0,M-333
WC-1934,M-1934-15,T-05,0,1,M-250
WC-1934,M-1934-16,T-31,1,0,M-286
WC-1934,M-1934-16,T-05,0,1,M-250
WC-1934,M-1934-17,T-41,1,0,M-333
WC-1934,M-1934-17,T-21,0,1,M-320
WC-1938,M-1938-01,T-75,1,0,M-345
WC-1938,M-1938-01,T-31,0,1,M-161
WC-1938,M-1938-02,T-19,1,0,M-423
WC-1938,M-1938-02,T-61,0,1,M-341
WC-1938,M-1938-02,T-61,0,1,M-382
WC-1938,M-1938-03,T-30,1,0,M-028
WC-1938,M-1938-03,T-06,0,1,M-066
WC-1938,M-1938-04,T-36,1,0,M-101
WC-1938,M-1938-04,T-36,1,0,M-385
WC-1938,M-1938-04,T-23,0,1,M-245
WC-1938,M-1938-05,T-41,1,0,M-333
WC-1938,M-1938-05,T-53,0,1,M-154
WC-1938,M-1938-06,T-09,1,0,M-325
WC-1938,M-1938-06,T-57,0,1,M-191
WC-1938,M-1938-07,T-21,1,0,M-251
WC-1938,M-1938-07,T-48,0,1,M-136
WC-1938,M-1938-08,T-19,1,0,M-423
WC-1938,M-1938-08,T-61,0,1,M-341
WC-1938,M-1938-08,T-61,0,1,M-382
WC-1938,M-1938-09,T-75,1,0,M-345
WC-1938,M-1938-09,T-31,0,1,M-161
WC-1938,M-1938-10,T-09,1,0,M-325
WC-1938,M-1938-10,T-21,0,1,M-251
WC-1938,M-1938-11,T-36,1,0,M-101
WC-1938,M-1938-11,T-36,1,0,M-385
WC-1938,M-1938-11,T-75,0,1,M-345
WC-1938,M-1938-12,T-41,1,0,M-333
WC-1938,M-1938-12,T-30,0,1,M-028
WC-1938,M-1938-13,T-74,1,0,M-281
WC-1938,M-1938-13,T-19,0,1,M-423
WC-1938,M-1938-14,T-09,1,0,M-325
WC-1938,M-1938-14,T-21,0,1,M-251
WC-1938,M-1938-15,T-36,1,0,M-101
WC-1938,M-1938-15,T-36,1,0,M-385
WC-1938,M-1938-15,T-74,0,1,M-281
WC-1938,M-1938-16,T-41,1,0,M-333
WC-1938,M-1938-16,T-09,0,1,M-325
WC-1938,M-1938-17,T-09,1,0,M-325
WC-1938,M-1938-17,T-74,0,1,M-281
WC-1938,M-1938-18,T-41,1,0,M-333
WC-1938,M-1938-18,T-36,0,1,M-101
WC-1938,M-1938-18,T-36,0,1,M-385
WC-1950,M-1950-01,T-09,1,0,M-085
WC-1950,M-1950-01,T-46,0,1,M-449
WC-1950,M-1950-02,T-87,1,0,M-023
WC-1950,M-1950-02,T-75,0,1,M-015
WC-1950,M-1950-03,T-28,1,0,M-470
WC-1950,M-1950-03,T-13,0,1,M-063
WC-1950,M-1950-04,T-73,1,0,M-111
WC-1950,M-1950-04,T-83,0,1,M-184
WC-1950,M-1950-05,T-74,1,0,M-347
WC-1950,M-1950-05,T-41,0,1,M-291
WC-1950,M-1950-06,T-09,1,0,M-085
WC-1950,M-1950-06,T-75,0,1,M-015
WC-1950,M-1950-07,T-87,1,0,M-023
WC-1950,M-1950-07,T-46,0,1,M-449
WC-1950,M-1950-08,T-73,1,0,M-111
WC-1950,M-1950-08,T-13,0,1,M-063
WC-1950,M-1950-09,T-83,1,0,M-184
WC-1950,M-1950-09,T-28,0,1,M-470
WC-1950,M-1950-10,T-74,1,0,M-347
WC-1950,M-1950-10,T-55,0,1,M-126
WC-1950,M-1950-11,T-09,1,0,M-085
WC-1950,M-1950-11,T-87,0,1,M-023
WC-1950,M-1950-12,T-13,1,0,M-063
WC-1950,M-1950-12,T-83,0,1,M-184
WC-1950,M-1950-13,T-73,1,0,M-111
WC-1950,M-1950-13,T-28,0,1,M-470
WC-1950,M-1950-14,T-41,1,0,M-291
WC-1950,M-1950-14,T-55,0,1,M-126
WC-1950,M-1950-15,T-84,1,0,M-230
WC-1950,M-1950-15,T-07,0,1,M-335
WC-1950,M-1950-16,T-75,1,0,M-015
WC-1950,M-1950-16,T-46,0,1,M-449
WC-1950,M-1950-17,T-09,1,0,M-085
WC-1950,M-1950-17,T-74,0,1,M-347
WC-1950,M-1950-18,T-84,1,0,M-230
WC-1950,M-1950-18,T-73,0,1,M-111
WC-1950,M-1950-19,T-09,1,0,M-085
WC-1950,M-1950-19,T-73,0,1,M-111
WC-1950,M-1950-20,T-84,1,0,M-230
WC-1950,M-1950-20,T-74,0,1,M-347
WC-1950,M-1950-21,T-74,1,0,M-347
WC-1950,M-1950-21,T-73,0,1,M-111
WC-1950,M-1950-22,T-84,1,0,M-230
WC-1950,M-1950-22,T-09,0,1,M-085
WC-1954,M-1954-01,T-09,1,0,M-272
WC-1954,M-1954-01,T-46,0,1,M-231
WC-1954,M-1954-02,T-87,1,0,M-428
WC-1954,M-1954-02,T-30,0,1,M-323
WC-1954,M-1954-03,T-05,1,0,M-282
WC-1954,M-1954-03,T-64,0,1,M-032
WC-1954,M-1954-04,T-84,1,0,M-230
WC-1954,M-1954-04,T-21,0,1,M-054
WC-1954,M-1954-05,T-75,1,0,M-345
WC-1954,M-1954-05,T-41,0,1,M-089
WC-1954,M-1954-06,T-36,1,0,M-390
WC-1954,M-1954-06,T-71,0,1,M-202
WC-1954,M-1954-07,T-86,1,0,M-161
WC-1954,M-1954-07,T-80,0,1,M-338
WC-1954,M-1954-08,T-28,1,0,M-470
WC-1954,M-1954-08,T-06,0,1,M-226
WC-1954,M-1954-09,T-84,1,0,M-230
WC-1954,M-1954-09,T-64,0,1,M-032
WC-1954,M-1954-10,T-09,1,0,M-272
WC-1954,M-1954-10,T-87,0,1,M-428
WC-1954,M-1954-11,T-05,1,0,M-282
WC-1954,M-1954-11,T-21,0,1,M-054
WC-1954,M-1954-12,T-30,1,0,M-323
WC-1954,M-1954-12,T-46,0,1,M-231
WC-1954,M-1954-13,T-36,1,0,M-390
WC-1954,M-1954-13,T-86,0,1,M-161
WC-1954,M-1954-14,T-80,1,0,M-338
WC-1954,M-1954-14,T-71,0,1,M-202
WC-1954,M-1954-15,T-41,1,0,M-089
WC-1954,M-1954-15,T-06,0,1,M-226
WC-1954,M-1954-16,T-28,1,0,M-470
WC-1954,M-1954-16,T-75,0,1,M-345
WC-1954,M-1954-17,T-86,1,0,M-161
WC-1954,M-1954-17,T-80,0,1,M-338
WC-1954,M-1954-18,T-75,1,0,M-345
WC-1954,M-1954-18,T-41,0,1,M-089
WC-1954,M-1954-19,T-05,1,0,M-282
WC-1954,M-1954-19,T-75,0,1,M-345
WC-1954,M-1954-20,T-84,1,0,M-230
WC-1954,M-1954-20,T-28,0,1,M-470
WC-1954,M-1954-21,T-36,1,0,M-390
WC-1954,M-1954-21,T-09,0,1,M-272
WC-1954,M-1954-22,T-86,1,0,M-161
WC-1954,M-1954-22,T-87,0,1,M-428
WC-1954,M-1954-23,T-36,1,0,M-390
WC-1954,M-1954-23,T-84,0,1,M-230
WC-1954,M-1954-24,T-86,1,0,M-161
WC-1954,M-1954-24,T-05,0,1,M-282
WC-1954,M-1954-25,T-05,1,0,M-282
WC-1954,M-1954-25,T-84,0,1,M-230
WC-1954,M-1954-26,T-86,1,0,M-161
WC-1954,M-1954-26,T-36,0,1,M-390
WC-1958,M-1958-01,T-74,1,0,M-347
WC-1958,M-1958-01,T-46,0,1,M-231
WC-1958,M-1958-02,T-03,1,0,M-407
WC-1958,M-1958-02,T-86,0,1,M-161
WC-1958,M-1958-03,T-52,1,0,M-103
WC-1958,M-1958-03,T-21,0,1,M-205
WC-1958,M-1958-04,T-30,1,0,M-030
WC-1958,M-1958-04,T-55,0,1,M-144
WC-1958,M-1958-05,T-87,1,0,M-428
WC-1958,M-1958-05,T-64,0,1,M-064
WC-1958,M-1958-05,T-64,0,1,M-463
WC-1958,M-1958-06,T-36,1,0,M-027
WC-1958,M-1958-06,T-85,0,1,M-277
WC-1958,M-1958-07,T-09,1,0,M-122
WC-1958,M-1958-07,T-05,0,1,M-021
WC-1958,M-1958-08,T-72,1,0,M-189
WC-1958,M-1958-08,T-28,0,1,M-470
WC-1958,M-1958-09,T-03,1,0,M-407
WC-1958,M-1958-09,T-52,0,1,M-103
WC-1958,M-1958-10,T-86,1,0,M-161
WC-1958,M-1958-10,T-21,0,1,M-205
WC-1958,M-1958-11,T-55,1,0,M-144
WC-1958,M-1958-11,T-64,0,1,M-064
WC-1958,M-1958-11,T-64,0,1,M-463
WC-1958,M-1958-12,T-87,1,0,M-428
WC-1958,M-1958-12,T-30,0,1,M-030
WC-1958,M-1958-13,T-46,1,0,M-231
WC-1958,M-1958-13,T-85,0,1,M-277
WC-1958,M-1958-14,T-09,1,0,M-122
WC-1958,M-1958-14,T-28,0,1,M-470
WC-1958,M-1958-15,T-72,1,0,M-189
WC-1958,M-1958-15,T-05,0,1,M-021
WC-1958,M-1958-16,T-74,1,0,M-347
WC-1958,M-1958-16,T-36,0,1,M-027
WC-1958,M-1958-17,T-74,1,0,M-347
WC-1958,M-1958-17,T-85,0,1,M-277
WC-1958,M-1958-18,T-21,1,0,M-205
WC-1958,M-1958-18,T-03,0,1,M-407
WC-1958,M-1958-19,T-86,1,0,M-161
WC-1958,M-1958-19,T-52,0,1,M-103
WC-1958,M-1958-20,T-30,1,0,M-030
WC-1958,M-1958-20,T-64,0,1,M-064
WC-1958,M-1958-20,T-64,0,1,M-463
WC-1958,M-1958-21,T-55,1,0,M-144
WC-1958,M-1958-21,T-87,0,1,M-428
WC-1958,M-1958-22,T-36,1,0,M-027
WC-1958,M-1958-22,T-46,0,1,M-231
WC-1958,M-1958-23,T-09,1,0,M-122
WC-1958,M-1958-23,T-72,0,1,M-189
WC-1958,M-1958-24,T-28,1,0,M-470
WC-1958,M-1958-24,T-05,0,1,M-021
WC-1958,M-1958-25,T-52,1,0,M-103
WC-1958,M-1958-25,T-21,0,1,M-205
WC-1958,M-1958-26,T-85,1,0,M-277
WC-1958,M-1958-26,T-36,0,1,M-027
WC-1958,M-1958-27,T-72,1,0,M-189
WC-1958,M-1958-27,T-28,0,1,M-470
WC-1958,M-1958-28,T-09,1,0,M-122
WC-1958,M-1958-28,T-85,0,1,M-277
WC-1958,M-1958-29,T-30,1,0,M-030
WC-1958,M-1958-29,T-52,0,1,M-103
WC-1958,M-1958-30,T-74,1,0,M-347
WC-1958,M-1958-30,T-72,0,1,M-189
WC-1958,M-1958-31,T-86,1,0,M-161
WC-1958,M-1958-31,T-87,0,1,M-428
WC-1958,M-1958-32,T-09,1,0,M-122
WC-1958,M-1958-32,T-30,0,1,M-030
WC-1958,M-1958-33,T-74,1,0,M-347
WC-1958,M-1958-33,T-86,0,1,M-161
WC-1958,M-1958-34,T-30,1,0,M-030
WC-1958,M-1958-34,T-86,0,1,M-161
WC-1958,M-1958-35,T-09,1,0,M-122
WC-1958,M-1958-35,T-74,0,1,M-347
WC-1962,M-1962-01,T-84,1,0,M-084
WC-1962,M-1962-01,T-16,0,1,M-314
WC-1962,M-1962-02,T-13,1,0,M-355
WC-1962,M-1962-02,T-75,0,1,M-345
WC-1962,M-1962-03,T-09,1,0,M-271
WC-1962,M-1962-03,T-46,0,1,M-434
WC-1962,M-1962-04,T-03,1,0,M-232
WC-1962,M-1962-04,T-10,0,1,M-305
WC-1962,M-1962-05,T-72,1,0,M-189
WC-1962,M-1962-05,T-87,0,1,M-233
WC-1962,M-1962-05,T-87,0,1,M-262
WC-1962,M-1962-06,T-86,1,0,M-161
WC-1962,M-1962-06,T-41,0,1,M-124
WC-1962,M-1962-06,T-41,0,1,M-247
WC-1962,M-1962-07,T-21,1,0,M-461
WC-1962,M-1962-07,T-73,0,1,M-164
WC-1962,M-1962-08,T-36,1,0,M-027
WC-1962,M-1962-08,T-28,0,1,M-470
WC-1962,M-1962-09,T-87,1,0,M-233
WC-1962,M-1962-09,T-87,1,0,M-262
WC-1962,M-1962-09,T-84,0,1,M-084
WC-1962,M-1962-10,T-13,1,0,M-355
WC-1962,M-1962-10,T-41,0,1,M-124
WC-1962,M-1962-10,T-41,0,1,M-247
WC-1962,M-1962-11,T-09,1,0,M-271
WC-1962,M-1962-11,T-21,0,1,M-461
WC-1962,M-1962-12,T-28,1,0,M-470
WC-1962,M-1962-12,T-03,0,1,M-232
WC-1962,M-1962-13,T-72,1,0,M-189
WC-1962,M-1962-13,T-16,0,1,M-314
WC-1962,M-1962-14,T-86,1,0,M-161
WC-1962,M-1962-14,T-75,0,1,M-345
WC-1962,M-1962-15,T-73,1,0,M-164
WC-1962,M-1962-15,T-46,0,1,M-434
WC-1962,M-1962-16,T-36,1,0,M-027
WC-1962,M-1962-16,T-10,0,1,M-305
WC-1962,M-1962-17,T-72,1,0,M-189
WC-1962,M-1962-17,T-84,0,1,M-084
WC-1962,M-1962-18,T-86,1,0,M-161
WC-1962,M-1962-18,T-13,0,1,M-355
WC-1962,M-1962-19,T-09,1,0,M-271
WC-1962,M-1962-19,T-73,0,1,M-164
WC-1962,M-1962-20,T-36,1,0,M-027
WC-1962,M-1962-20,T-03,0,1,M-232
WC-1962,M-1962-21,T-87,1,0,M-233
WC-1962,M-1962-21,T-87,1,0,M-262
WC-1962,M-1962-21,T-16,0,1,M-314
WC-1962,M-1962-22,T-41,1,0,M-124
WC-1962,M-1962-22,T-41,1,0,M-247
WC-1962,M-1962-22,T-75,0,1,M-345
WC-1962,M-1962-23,T-46,1,0,M-434
WC-1962,M-1962-23,T-21,0,1,M-461
WC-1962,M-1962-24,T-28,1,0,M-470
WC-1962,M-1962-24,T-10,0,1,M-305
WC-1962,M-1962-25,T-09,1,0,M-271
WC-1962,M-1962-25,T-28,0,1,M-470
WC-1962,M-1962-26,T-13,1,0,M-355
WC-1962,M-1962-26,T-72,0,1,M-189
WC-1962,M-1962-27,T-21,1,0,M-461
WC-1962,M-1962-27,T-36,0,1,M-027
WC-1962,M-1962-28,T-87,1,0,M-233
WC-1962,M-1962-28,T-87,1,0,M-262
WC-1962,M-1962-28,T-86,0,1,M-161
WC-1962,M-1962-29,T-09,1,0,M-271
WC-1962,M-1962-29,T-13,0,1,M-355
WC-1962,M-1962-30,T-21,1,0,M-461
WC-1962,M-1962-30,T-87,0,1,M-233
WC-1962,M-1962-30,T-87,0,1,M-262
WC-1962,M-1962-31,T-13,1,0,M-355
WC-1962,M-1962-31,T-87,0,1,M-233
WC-1962,M-1962-31,T-87,0,1,M-262
WC-1962,M-1962-32,T-09,1,0,M-271
WC-1962,M-1962-32,T-21,0,1,M-461
WC-1966,M-1966-01,T-28,1,0,M-344
WC-1966,M-1966-01,T-84,0,1,M-452
WC-1966,M-1966-02,T-86,1,0,M-388
WC-1966,M-1966-02,T-75,0,1,M-128
WC-1966,M-1966-03,T-09,1,0,M-122
WC-1966,M-1966-03,T-10,0,1,M-461
WC-1966,M-1966-04,T-72,1,0,M-274
WC-1966,M-1966-04,T-51,0,1,M-279
WC-1966,M-1966-05,T-30,1,0,M-149
WC-1966,M-1966-05,T-46,0,1,M-434
WC-1966,M-1966-06,T-03,1,0,M-232
WC-1966,M-1966-06,T-73,0,1,M-454
WC-1966,M-1966-07,T-58,1,0,M-137
WC-1966,M-1966-07,T-36,0,1,M-027
WC-1966,M-1966-08,T-41,1,0,M-119
WC-1966,M-1966-08,T-13,0,1,M-010
WC-1966,M-1966-09,T-84,1,0,M-452
WC-1966,M-1966-09,T-30,0,1,M-149
WC-1966,M-1966-10,T-73,1,0,M-454
WC-1966,M-1966-10,T-75,0,1,M-128
WC-1966,M-1966-11,T-36,1,0,M-027
WC-1966,M-1966-11,T-09,0,1,M-122
WC-1966,M-1966-12,T-13,1,0,M-010
WC-1966,M-1966-12,T-51,0,1,M-279
WC-1966,M-1966-13,T-03,1,0,M-232
WC-1966,M-1966-13,T-86,0,1,M-388
WC-1966,M-1966-14,T-58,1,0,M-137
WC-1966,M-1966-14,T-10,0,1,M-461
WC-1966,M-1966-15,T-72,1,0,M-274
WC-1966,M-1966-15,T-41,0,1,M-119
WC-1966,M-1966-16,T-28,1,0,M-344
WC-1966,M-1966-16,T-46,0,1,M-434
WC-1966,M-1966-17,T-46,1,0,M-434
WC-1966,M-1966-17,T-84,0,1,M-452
WC-1966,M-1966-18,T-03,1,0,M-232
WC-1966,M-1966-18,T-75,0,1,M-128
WC-1966,M-1966-19,T-58,1,0,M-137
WC-1966,M-1966-19,T-09,0,1,M-122
WC-1966,M-1966-20,T-51,1,0,M-279
WC-1966,M-1966-20,T-41,0,1,M-119
WC-1966,M-1966-21,T-28,1,0,M-344
WC-1966,M-1966-21,T-30,0,1,M-149
WC-1966,M-1966-22,T-86,1,0,M-388
WC-1966,M-1966-22,T-73,0,1,M-454
WC-1966,M-1966-23,T-36,1,0,M-027
WC-1966,M-1966-23,T-10,0,1,M-461
WC-1966,M-1966-24,T-72,1,0,M-274
WC-1966,M-1966-24,T-13,0,1,M-010
WC-1966,M-1966-25,T-28,1,0,M-344
WC-1966,M-1966-25,T-03,0,1,M-232
WC-1966,M-1966-26,T-58,1,0,M-137
WC-1966,M-1966-26,T-51,0,1,M-279
WC-1966,M-1966-27,T-72,1,0,M-274
WC-1966,M-1966-27,T-36,0,1,M-027
WC-1966,M-1966-28,T-86,1,0,M-388
WC-1966,M-1966-28,T-84,0,1,M-452
WC-1966,M-1966-29,T-86,1,0,M-388
WC-1966,M-1966-29,T-72,0,1,M-274
WC-1966,M-1966-30,T-28,1,0,M-344
WC-1966,M-1966-30,T-58,0,1,M-137
WC-1966,M-1966-31,T-58,1,0,M-137
WC-1966,M-1966-31,T-72,0,1,M-274
WC-1966,M-1966-32,T-28,1,0,M-344
WC-1966,M-1966-32,T-86,0,1,M-388
WC-1970,M-1970-01,T-46,1,0,M-072
WC-1970,M-1970-01,T-72,0,1,M-189
WC-1970,M-1970-02,T-84,1,0,M-175
WC-1970,M-1970-02,T-40,0,1,M-386
WC-1970,M-1970-03,T-28,1,0,M-344
WC-1970,M-1970-03,T-61,0,1,M-288
WC-1970,M-1970-04,T-56,1,0,M-100
WC-1970,M-1970-04,T-10,0,1,M-057
WC-1970,M-1970-05,T-06,1,0,M-139
WC-1970,M-1970-05,T-27,0,1,M-074
WC-1970,M-1970-06,T-41,1,0,M-441
WC-1970,M-1970-06,T-74,0,1,M-038
WC-1970,M-1970-07,T-09,1,0,M-474
WC-1970,M-1970-07,T-21,0,1,M-242
WC-1970,M-1970-08,T-86,1,0,M-388
WC-1970,M-1970-08,T-47,0,1,M-451
WC-1970,M-1970-09,T-72,1,0,M-189
WC-1970,M-1970-09,T-06,0,1,M-139
WC-1970,M-1970-10,T-84,1,0,M-175
WC-1970,M-1970-10,T-41,0,1,M-441
WC-1970,M-1970-11,T-61,1,0,M-288
WC-1970,M-1970-11,T-21,0,1,M-242
WC-1970,M-1970-12,T-56,1,0,M-100
WC-1970,M-1970-12,T-47,0,1,M-451
WC-1970,M-1970-13,T-46,1,0,M-072
WC-1970,M-1970-13,T-27,0,1,M-074
WC-1970,M-1970-14,T-74,1,0,M-038
WC-1970,M-1970-14,T-40,0,1,M-386
WC-1970,M-1970-15,T-09,1,0,M-474
WC-1970,M-1970-15,T-28,0,1,M-344
WC-1970,M-1970-16,T-86,1,0,M-388
WC-1970,M-1970-16,T-10,0,1,M-057
WC-1970,M-1970-17,T-72,1,0,M-189
WC-1970,M-1970-17,T-27,0,1,M-074
WC-1970,M-1970-18,T-74,1,0,M-038
WC-1970,M-1970-18,T-84,0,1,M-175
WC-1970,M-1970-19,T-09,1,0,M-474
WC-1970,M-1970-19,T-61,0,1,M-288
WC-1970,M-1970-20,T-86,1,0,M-388
WC-1970,M-1970-20,T-56,0,1,M-100
WC-1970,M-1970-21,T-46,1,0,M-072
WC-1970,M-1970-21,T-06,0,1,M-139
WC-1970,M-1970-22,T-41,1,0,M-441
WC-1970,M-1970-22,T-40,0,1,M-386
WC-1970,M-1970-23,T-28,1,0,M-344
WC-1970,M-1970-23,T-21,0,1,M-242
WC-1970,M-1970-24,T-10,1,0,M-057
WC-1970,M-1970-24,T-47,0,1,M-451
WC-1970,M-1970-25,T-09,1,0,M-474
WC-1970,M-1970-25,T-56,0,1,M-100
WC-1970,M-1970-26,T-41,1,0,M-441
WC-1970,M-1970-26,T-46,0,1,M-072
WC-1970,M-1970-27,T-72,1,0,M-189
WC-1970,M-1970-27,T-84,0,1,M-175
WC-1970,M-1970-28,T-86,1,0,M-388
WC-1970,M-1970-28,T-28,0,1,M-344
WC-1970,M-1970-29,T-09,1,0,M-474
WC-1970,M-1970-29,T-84,0,1,M-175
WC-1970,M-1970-30,T-41,1,0,M-441
WC-1970,M-1970-30,T-86,0,1,M-388
WC-1970,M-1970-31,T-86,1,0,M-388
WC-1970,M-1970-31,T-84,0,1,M-175
WC-1970,M-1970-32,T-09,1,0,M-474
WC-1970,M-1970-32,T-41,0,1,M-441
WC-1974,M-1974-01,T-09,1,0,M-474
WC-1974,M-1974-01,T-87,0,1,M-264
WC-1974,M-1974-02,T-86,1,0,M-388
WC-1974,M-1974-02,T-13,0,1,M-010
WC-1974,M-1974-03,T-24,1,0,M-065
WC-1974,M-1974-03,T-04,0,1,M-346
WC-1974,M-1974-04,T-88,1,0,M-451
WC-1974,M-1974-04,T-64,0,1,M-301
WC-1974,M-1974-05,T-74,1,0,M-117
WC-1974,M-1974-05,T-10,0,1,M-268
WC-1974,M-1974-06,T-84,1,0,M-330
WC-1974,M-1974-06,T-48,0,1,M-260
WC-1974,M-1974-07,T-41,1,0,M-441
WC-1974,M-1974-07,T-34,0,1,M-424
WC-1974,M-1974-08,T-57,1,0,M-145
WC-1974,M-1974-08,T-03,0,1,M-070
WC-1974,M-1974-09,T-04,1,0,M-346
WC-1974,M-1974-09,T-86,0,1,M-388
WC-1974,M-1974-10,T-13,1,0,M-010
WC-1974,M-1974-10,T-24,0,1,M-065
WC-1974,M-1974-11,T-64,1,0,M-301
WC-1974,M-1974-11,T-09,0,1,M-474
WC-1974,M-1974-12,T-87,1,0,M-264
WC-1974,M-1974-12,T-88,0,1,M-451
WC-1974,M-1974-13,T-10,1,0,M-268
WC-1974,M-1974-13,T-84,0,1,M-330
WC-1974,M-1974-14,T-48,1,0,M-260
WC-1974,M-1974-14,T-74,0,1,M-117
WC-1974,M-1974-15,T-03,1,0,M-070
WC-1974,M-1974-15,T-41,0,1,M-441
WC-1974,M-1974-16,T-34,1,0,M-424
WC-1974,M-1974-16,T-57,0,1,M-145
WC-1974,M-1974-17,T-04,1,0,M-346
WC-1974,M-1974-17,T-13,0,1,M-010
WC-1974,M-1974-18,T-64,1,0,M-301
WC-1974,M-1974-18,T-87,0,1,M-264
WC-1974,M-1974-19,T-88,1,0,M-451
WC-1974,M-1974-19,T-09,0,1,M-474
WC-1974,M-1974-20,T-24,1,0,M-065
WC-1974,M-1974-20,T-86,0,1,M-388
WC-1974,M-1974-21,T-10,1,0,M-268
WC-1974,M-1974-21,T-48,0,1,M-260
WC-1974,M-1974-22,T-74,1,0,M-117
WC-1974,M-1974-22,T-84,0,1,M-330
WC-1974,M-1974-23,T-03,1,0,M-070
WC-1974,M-1974-23,T-34,0,1,M-424
WC-1974,M-1974-24,T-57,1,0,M-145
WC-1974,M-1974-24,T-41,0,1,M-441
WC-1974,M-1974-25,T-87,1,0,M-264
WC-1974,M-1974-25,T-86,0,1,M-388
WC-1974,M-1974-26,T-09,1,0,M-474
WC-1974,M-1974-26,T-24,0,1,M-065
WC-1974,M-1974-27,T-48,1,0,M-260
WC-1974,M-1974-27,T-03,0,1,M-070
WC-1974,M-1974-28,T-74,1,0,M-117
WC-1974,M-1974-28,T-57,0,1,M-145
WC-1974,M-1974-29,T-03,1,0,M-070
WC-1974,M-1974-29,T-09,0,1,M-474
WC-1974,M-1974-30,T-24,1,0,M-065
WC-1974,M-1974-30,T-48,0,1,M-260
WC-1974,M-1974-31,T-57,1,0,M-145
WC-1974,M-1974-31,T-87,0,1,M-264
WC-1974,M-1974-32,T-86,1,0,M-388
WC-1974,M-1974-32,T-74,0,1,M-117
WC-1974,M-1974-33,T-57,1,0,M-145
WC-1974,M-1974-33,T-86,0,1,M-388
WC-1974,M-1974-34,T-03,1,0,M-070
WC-1974,M-1974-34,T-24,0,1,M-065
WC-1974,M-1974-35,T-48,1,0,M-260
WC-1974,M-1974-35,T-09,0,1,M-474
WC-1974,M-1974-36,T-74,1,0,M-117
WC-1974,M-1974-36,T-87,0,1,M-264
WC-1974,M-1974-37,T-09,1,0,M-474
WC-1974,M-1974-37,T-57,0,1,M-145
WC-1974,M-1974-38,T-48,1,0,M-260
WC-1974,M-1974-38,T-86,0,1,M-388
WC-1978,M-1978-01,T-86,1,0,M-388
WC-1978,M-1978-01,T-57,0,1,M-138
WC-1978,M-1978-02,T-41,1,0,M-031
WC-1978,M-1978-02,T-30,0,1,M-167
WC-1978,M-1978-03,T-79,1,0,M-079
WC-1978,M-1978-03,T-46,0,1,M-357
WC-1978,M-1978-04,T-03,1,0,M-254
WC-1978,M-1978-04,T-36,0,1,M-027
WC-1978,M-1978-05,T-05,1,0,M-392
WC-1978,M-1978-05,T-73,0,1,M-209
WC-1978,M-1978-06,T-09,1,0,M-086
WC-1978,M-1978-06,T-74,0,1,M-117
WC-1978,M-1978-07,T-48,1,0,M-157
WC-1978,M-1978-07,T-38,0,1,M-269
WC-1978,M-1978-08,T-56,1,0,M-068
WC-1978,M-1978-08,T-64,0,1,M-239
WC-1978,M-1978-09,T-41,1,0,M-031
WC-1978,M-1978-09,T-36,0,1,M-027
WC-1978,M-1978-10,T-57,1,0,M-138
WC-1978,M-1978-10,T-79,0,1,M-079
WC-1978,M-1978-11,T-86,1,0,M-388
WC-1978,M-1978-11,T-46,0,1,M-357
WC-1978,M-1978-12,T-03,1,0,M-254
WC-1978,M-1978-12,T-30,0,1,M-167
WC-1978,M-1978-13,T-05,1,0,M-392
WC-1978,M-1978-13,T-74,0,1,M-117
WC-1978,M-1978-14,T-09,1,0,M-086
WC-1978,M-1978-14,T-73,0,1,M-209
WC-1978,M-1978-15,T-48,1,0,M-157
WC-1978,M-1978-15,T-56,0,1,M-068
WC-1978,M-1978-16,T-64,1,0,M-239
WC-1978,M-1978-16,T-38,0,1,M-269
WC-1978,M-1978-17,T-30,1,0,M-167
WC-1978,M-1978-17,T-36,0,1,M-027
WC-1978,M-1978-18,T-57,1,0,M-138
WC-1978,M-1978-18,T-46,0,1,M-357
WC-1978,M-1978-19,T-86,1,0,M-388
WC-1978,M-1978-19,T-79,0,1,M-079
WC-1978,M-1978-20,T-03,1,0,M-254
WC-1978,M-1978-20,T-41,0,1,M-031
WC-1978,M-1978-21,T-09,1,0,M-086
WC-1978,M-1978-21,T-05,0,1,M-392
WC-1978,M-1978-22,T-73,1,0,M-209
WC-1978,M-1978-22,T-74,0,1,M-117
WC-1978,M-1978-23,T-56,1,0,M-068
WC-1978,M-1978-23,T-38,0,1,M-269
WC-1978,M-1978-24,T-64,1,0,M-239
WC-1978,M-1978-24,T-48,0,1,M-157
WC-1978,M-1978-25,T-05,1,0,M-392
WC-1978,M-1978-25,T-48,0,1,M-157
WC-1978,M-1978-26,T-41,1,0,M-031
WC-1978,M-1978-26,T-86,0,1,M-388
WC-1978,M-1978-27,T-09,1,0,M-086
WC-1978,M-1978-27,T-56,0,1,M-068
WC-1978,M-1978-28,T-03,1,0,M-254
WC-1978,M-1978-28,T-57,0,1,M-138
WC-1978,M-1978-29,T-56,1,0,M-068
WC-1978,M-1978-29,T-57,0,1,M-138
WC-1978,M-1978-30,T-41,1,0,M-031
WC-1978,M-1978-30,T-05,0,1,M-392
WC-1978,M-1978-31,T-48,1,0,M-157
WC-1978,M-1978-31,T-86,0,1,M-388
WC-1978,M-1978-32,T-03,1,0,M-254
WC-1978,M-1978-32,T-09,0,1,M-086
WC-1978,M-1978-33,T-05,1,0,M-392
WC-1978,M-1978-33,T-86,0,1,M-388
WC-1978,M-1978-34,T-41,1,0,M-031
WC-1978,M-1978-34,T-48,0,1,M-157
WC-1978,M-1978-35,T-09,1,0,M-086
WC-1978,M-1978-35,T-57,0,1,M-138
WC-1978,M-1978-36,T-03,1,0,M-254
WC-1978,M-1978-36,T-56,0,1,M-068
WC-1978,M-1978-37,T-09,1,0,M-086
WC-1978,M-1978-37,T-41,0,1,M-031
WC-1978,M-1978-38,T-03,1,0,M-254
WC-1978,M-1978-38,T-48,0,1,M-157
WC-1982,M-1982-01,T-03,1,0,M-254
WC-1982,M-1982-01,T-06,0,1,M-426
WC-1982,M-1982-02,T-41,1,0,M-031
WC-1982,M-1982-02,T-57,0,1,M-324
WC-1982,M-1982-03,T-09,1,0,M-375
WC-1982,M-1982-03,T-72,0,1,M-042
WC-1982,M-1982-04,T-56,1,0,M-427
WC-1982,M-1982-04,T-11,0,1,M-455
WC-1982,M-1982-05,T-36,1,0,M-256
WC-1982,M-1982-05,T-27,0,1,M-358
WC-1982,M-1982-06,T-64,1,0,M-410
WC-1982,M-1982-06,T-49,0,1,M-003
WC-1982,M-1982-07,T-86,1,0,M-096
WC-1982,M-1982-07,T-01,0,1,M-197
WC-1982,M-1982-07,T-01,0,1,M-253
WC-1982,M-1982-08,T-28,1,0,M-147
WC-1982,M-1982-08,T-30,0,1,M-167
WC-1982,M-1982-09,T-73,1,0,M-374
WC-1982,M-1982-09,T-35,0,1,M-092
WC-1982,M-1982-10,T-13,1,0,M-376
WC-1982,M-1982-10,T-05,0,1,M-216
WC-1982,M-1982-10,T-05,0,1,M-387
WC-1982,M-1982-11,T-21,1,0,M-447
WC-1982,M-1982-11,T-45,0,1,M-311
WC-1982,M-1982-12,T-87,1,0,M-264
WC-1982,M-1982-12,T-52,0,1,M-045
WC-1982,M-1982-13,T-41,1,0,M-031
WC-1982,M-1982-13,T-56,0,1,M-427
WC-1982,M-1982-14,T-03,1,0,M-254
WC-1982,M-1982-14,T-36,0,1,M-256
WC-1982,M-1982-15,T-09,1,0,M-375
WC-1982,M-1982-15,T-64,0,1,M-410
WC-1982,M-1982-16,T-57,1,0,M-324
WC-1982,M-1982-16,T-11,0,1,M-455
WC-1982,M-1982-17,T-06,1,0,M-426
WC-1982,M-1982-17,T-27,0,1,M-358
WC-1982,M-1982-18,T-72,1,0,M-042
WC-1982,M-1982-18,T-49,0,1,M-003
WC-1982,M-1982-19,T-86,1,0,M-096
WC-1982,M-1982-19,T-13,0,1,M-376
WC-1982,M-1982-20,T-28,1,0,M-147
WC-1982,M-1982-20,T-21,0,1,M-447
WC-1982,M-1982-21,T-73,1,0,M-374
WC-1982,M-1982-21,T-87,0,1,M-264
WC-1982,M-1982-22,T-01,1,0,M-197
WC-1982,M-1982-22,T-01,1,0,M-253
WC-1982,M-1982-22,T-05,0,1,M-216
WC-1982,M-1982-22,T-05,0,1,M-387
WC-1982,M-1982-23,T-30,1,0,M-167
WC-1982,M-1982-23,T-45,0,1,M-311
WC-1982,M-1982-24,T-35,1,0,M-092
WC-1982,M-1982-24,T-52,0,1,M-045
WC-1982,M-1982-25,T-57,1,0,M-324
WC-1982,M-1982-25,T-56,0,1,M-427
WC-1982,M-1982-26,T-06,1,0,M-426
WC-1982,M-1982-26,T-36,0,1,M-256
WC-1982,M-1982-27,T-72,1,0,M-042
WC-1982,M-1982-27,T-64,0,1,M-410
WC-1982,M-1982-28,T-41,1,0,M-031
WC-1982,M-1982-28,T-11,0,1,M-455
WC-1982,M-1982-29,T-03,1,0,M-254
WC-1982,M-1982-29,T-27,0,1,M-358
WC-1982,M-1982-30,T-09,1,0,M-375
WC-1982,M-1982-30,T-49,0,1,M-003
WC-1982,M-1982-31,T-01,1,0,M-197
WC-1982,M-1982-31,T-01,1,0,M-253
WC-1982,M-1982-31,T-13,0,1,M-376
WC-1982,M-1982-32,T-30,1,0,M-167
WC-1982,M-1982-32,T-21,0,1,M-447
WC-1982,M-1982-33,T-35,1,0,M-092
WC-1982,M-1982-33,T-87,0,1,M-264
WC-1982,M-1982-34,T-86,1,0,M-096
WC-1982,M-1982-34,T-05,0,1,M-216
WC-1982,M-1982-34,T-05,0,1,M-387
WC-1982,M-1982-35,T-28,1,0,M-147
WC-1982,M-1982-35,T-45,0,1,M-311
WC-1982,M-1982-36,T-73,1,0,M-374
WC-1982,M-1982-36,T-52,0,1,M-045
WC-1982,M-1982-37,T-05,1,0,M-216
WC-1982,M-1982-37,T-05,1,0,M-387
WC-1982,M-1982-37,T-30,0,1,M-167
WC-1982,M-1982-38,T-57,1,0,M-324
WC-1982,M-1982-38,T-06,0,1,M-426
WC-1982,M-1982-39,T-41,1,0,M-031
WC-1982,M-1982-39,T-03,0,1,M-254
WC-1982,M-1982-40,T-86,1,0,M-096
WC-1982,M-1982-40,T-28,0,1,M-147
WC-1982,M-1982-41,T-05,1,0,M-216
WC-1982,M-1982-41,T-05,1,0,M-387
WC-1982,M-1982-41,T-52,0,1,M-045
WC-1982,M-1982-42,T-06,1,0,M-426
WC-1982,M-1982-42,T-72,0,1,M-042
WC-1982,M-1982-43,T-03,1,0,M-254
WC-1982,M-1982-43,T-09,0,1,M-375
WC-1982,M-1982-44,T-86,1,0,M-096
WC-1982,M-1982-44,T-73,0,1,M-374
WC-1982,M-1982-45,T-30,1,0,M-167
WC-1982,M-1982-45,T-52,0,1,M-045
WC-1982,M-1982-46,T-72,1,0,M-042
WC-1982,M-1982-46,T-57,0,1,M-324
WC-1982,M-1982-47,T-41,1,0,M-031
WC-1982,M-1982-47,T-09,0,1,M-375
WC-1982,M-1982-48,T-73,1,0,M-374
WC-1982,M-1982-48,T-28,0,1,M-147
WC-1982,M-1982-49,T-57,1,0,M-324
WC-1982,M-1982-49,T-41,0,1,M-031
WC-1982,M-1982-50,T-86,1,0,M-096
WC-1982,M-1982-50,T-30,0,1,M-167
WC-1982,M-1982-51,T-57,1,0,M-324
WC-1982,M-1982-51,T-30,0,1,M-167
WC-1982,M-1982-52,T-41,1,0,M-031
WC-1982,M-1982-52,T-86,0,1,M-096
WC-1986,M-1986-01,T-10,1,0,M-460
WC-1986,M-1986-01,T-41,0,1,M-031
WC-1986,M-1986-02,T-73,1,0,M-276
WC-1986,M-1986-02,T-09,0,1,M-375
WC-1986,M-1986-03,T-12,1,0,M-462
WC-1986,M-1986-03,T-30,0,1,M-259
WC-1986,M-1986-04,T-03,1,0,M-044
WC-1986,M-1986-04,T-71,0,1,M-200
WC-1986,M-1986-05,T-72,1,0,M-227
WC-1986,M-1986-05,T-36,0,1,M-258
WC-1986,M-1986-06,T-47,1,0,M-121
WC-1986,M-1986-06,T-57,0,1,M-324
WC-1986,M-1986-07,T-06,1,0,M-426
WC-1986,M-1986-07,T-46,0,1,M-266
WC-1986,M-1986-08,T-01,1,0,M-366
WC-1986,M-1986-08,T-52,0,1,M-045
WC-1986,M-1986-09,T-58,1,0,M-430
WC-1986,M-1986-09,T-28,0,1,M-356
WC-1986,M-1986-10,T-55,1,0,M-348
WC-1986,M-1986-10,T-39,0,1,M-093
WC-1986,M-1986-11,T-84,1,0,M-055
WC-1986,M-1986-11,T-86,0,1,M-033
WC-1986,M-1986-12,T-64,1,0,M-123
WC-1986,M-1986-12,T-22,0,1,M-327
WC-1986,M-1986-13,T-41,1,0,M-031
WC-1986,M-1986-13,T-03,0,1,M-044
WC-1986,M-1986-14,T-30,1,0,M-259
WC-1986,M-1986-14,T-72,0,1,M-227
WC-1986,M-1986-15,T-71,1,0,M-200
WC-1986,M-1986-15,T-10,0,1,M-460
WC-1986,M-1986-16,T-36,1,0,M-258
WC-1986,M-1986-16,T-12,0,1,M-462
WC-1986,M-1986-17,T-09,1,0,M-375
WC-1986,M-1986-17,T-01,0,1,M-366
WC-1986,M-1986-18,T-28,1,0,M-356
WC-1986,M-1986-18,T-47,0,1,M-121
WC-1986,M-1986-19,T-46,1,0,M-266
WC-1986,M-1986-19,T-55,0,1,M-348
WC-1986,M-1986-20,T-52,1,0,M-045
WC-1986,M-1986-20,T-73,0,1,M-276
WC-1986,M-1986-21,T-57,1,0,M-324
WC-1986,M-1986-21,T-58,0,1,M-430
WC-1986,M-1986-22,T-39,1,0,M-093
WC-1986,M-1986-22,T-06,0,1,M-426
WC-1986,M-1986-23,T-86,1,0,M-033
WC-1986,M-1986-23,T-64,0,1,M-123
WC-1986,M-1986-24,T-22,1,0,M-327
WC-1986,M-1986-24,T-84,0,1,M-055
WC-1986,M-1986-25,T-36,1,0,M-258
WC-1986,M-1986-25,T-30,0,1,M-259
WC-1986,M-1986-26,T-72,1,0,M-227
WC-1986,M-1986-26,T-12,0,1,M-462
WC-1986,M-1986-27,T-03,1,0,M-044
WC-1986,M-1986-27,T-10,0,1,M-460
WC-1986,M-1986-28,T-71,1,0,M-200
WC-1986,M-1986-28,T-41,0,1,M-031
WC-1986,M-1986-29,T-39,1,0,M-093
WC-1986,M-1986-29,T-46,0,1,M-266
WC-1986,M-1986-30,T-55,1,0,M-348
WC-1986,M-1986-30,T-06,0,1,M-426
WC-1986,M-1986-31,T-28,1,0,M-356
WC-1986,M-1986-31,T-57,0,1,M-324
WC-1986,M-1986-32,T-58,1,0,M-430
WC-1986,M-1986-32,T-47,0,1,M-121
WC-1986,M-1986-33,T-01,1,0,M-366
WC-1986,M-1986-33,T-73,0,1,M-276
WC-1986,M-1986-34,T-52,1,0,M-045
WC-1986,M-1986-34,T-09,0,1,M-375
WC-1986,M-1986-35,T-22,1,0,M-327
WC-1986,M-1986-35,T-86,0,1,M-033
WC-1986,M-1986-36,T-64,1,0,M-123
WC-1986,M-1986-36,T-84,0,1,M-055
WC-1986,M-1986-37,T-46,1,0,M-266
WC-1986,M-1986-37,T-10,0,1,M-460
WC-1986,M-1986-38,T-72,1,0,M-227
WC-1986,M-1986-38,T-06,0,1,M-426
WC-1986,M-1986-39,T-09,1,0,M-375
WC-1986,M-1986-39,T-57,0,1,M-324
WC-1986,M-1986-40,T-03,1,0,M-044
WC-1986,M-1986-40,T-84,0,1,M-055
WC-1986,M-1986-41,T-41,1,0,M-031
WC-1986,M-1986-41,T-30,0,1,M-259
WC-1986,M-1986-42,T-47,1,0,M-121
WC-1986,M-1986-42,T-86,0,1,M-033
WC-1986,M-1986-43,T-28,1,0,M-356
WC-1986,M-1986-43,T-55,0,1,M-348
WC-1986,M-1986-44,T-22,1,0,M-327
WC-1986,M-1986-44,T-73,0,1,M-276
WC-1986,M-1986-45,T-09,1,0,M-375
WC-1986,M-1986-45,T-30,0,1,M-259
WC-1986,M-1986-46,T-86,1,0,M-033
WC-1986,M-1986-46,T-46,0,1,M-266
WC-1986,M-1986-47,T-03,1,0,M-044
WC-1986,M-1986-47,T-28,0,1,M-356
WC-1986,M-1986-48,T-73,1,0,M-276
WC-1986,M-1986-48,T-06,0,1,M-426
WC-1986,M-1986-49,T-30,1,0,M-259
WC-1986,M-1986-49,T-86,0,1,M-033
WC-1986,M-1986-50,T-03,1,0,M-044
WC-1986,M-1986-50,T-06,0,1,M-426
WC-1986,M-1986-51,T-06,1,0,M-426
WC-1986,M-1986-51,T-30,0,1,M-259
WC-1986,M-1986-52,T-03,1,0,M-044
WC-1986,M-1986-52,T-86,0,1,M-033
WC-1990,M-1990-01,T-03,1,0,M-044
WC-1990,M-1990-01,T-11,0,1,M-285
WC-1990,M-1990-02,T-72,1,0,M-228
WC-1990,M-1990-02,T-61,0,1,M-185
WC-1990,M-1990-03,T-82,1,0,M-311
WC-1990,M-1990-03,T-16,0,1,M-246
WC-1990,M-1990-04,T-41,1,0,M-450
WC-1990,M-1990-04,T-05,0,1,M-166
WC-1990,M-1990-05,T-83,1,0,M-131
WC-1990,M-1990-05,T-21,0,1,M-447
WC-1990,M-1990-06,T-09,1,0,M-217
WC-1990,M-1990-06,T-74,0,1,M-290
WC-1990,M-1990-07,T-86,1,0,M-033
WC-1990,M-1990-07,T-87,0,1,M-303
WC-1990,M-1990-08,T-17,1,0,M-266
WC-1990,M-1990-08,T-64,0,1,M-361
WC-1990,M-1990-09,T-28,1,0,M-356
WC-1990,M-1990-09,T-60,0,1,M-077
WC-1990,M-1990-10,T-06,1,0,M-426
WC-1990,M-1990-10,T-71,0,1,M-220
WC-1990,M-1990-11,T-48,1,0,M-034
WC-1990,M-1990-11,T-26,0,1,M-007
WC-1990,M-1990-12,T-84,1,0,M-419
WC-1990,M-1990-12,T-73,0,1,M-412
WC-1990,M-1990-13,T-03,1,0,M-044
WC-1990,M-1990-13,T-72,0,1,M-228
WC-1990,M-1990-14,T-11,1,0,M-285
WC-1990,M-1990-14,T-61,0,1,M-185
WC-1990,M-1990-15,T-87,1,0,M-303
WC-1990,M-1990-15,T-16,0,1,M-246
WC-1990,M-1990-16,T-41,1,0,M-450
WC-1990,M-1990-16,T-83,0,1,M-131
WC-1990,M-1990-17,T-05,1,0,M-166
WC-1990,M-1990-17,T-21,0,1,M-447
WC-1990,M-1990-18,T-86,1,0,M-033
WC-1990,M-1990-18,T-82,0,1,M-311
WC-1990,M-1990-19,T-09,1,0,M-217
WC-1990,M-1990-19,T-17,0,1,M-266
WC-1990,M-1990-20,T-74,1,0,M-290
WC-1990,M-1990-20,T-64,0,1,M-361
WC-1990,M-1990-21,T-28,1,0,M-356
WC-1990,M-1990-21,T-48,0,1,M-034
WC-1990,M-1990-22,T-60,1,0,M-077
WC-1990,M-1990-22,T-26,0,1,M-007
WC-1990,M-1990-23,T-06,1,0,M-426
WC-1990,M-1990-23,T-84,0,1,M-419
WC-1990,M-1990-24,T-71,1,0,M-220
WC-1990,M-1990-24,T-73,0,1,M-412
WC-1990,M-1990-25,T-03,1,0,M-044
WC-1990,M-1990-25,T-61,0,1,M-185
WC-1990,M-1990-26,T-11,1,0,M-285
WC-1990,M-1990-26,T-72,0,1,M-228
WC-1990,M-1990-27,T-86,1,0,M-033
WC-1990,M-1990-27,T-16,0,1,M-246
WC-1990,M-1990-28,T-87,1,0,M-303
WC-1990,M-1990-28,T-82,0,1,M-311
WC-1990,M-1990-29,T-05,1,0,M-166
WC-1990,M-1990-29,T-83,0,1,M-131
WC-1990,M-1990-30,T-41,1,0,M-450
WC-1990,M-1990-30,T-21,0,1,M-447
WC-1990,M-1990-31,T-09,1,0,M-217
WC-1990,M-1990-31,T-64,0,1,M-361
WC-1990,M-1990-32,T-74,1,0,M-290
WC-1990,M-1990-32,T-17,0,1,M-266
WC-1990,M-1990-33,T-06,1,0,M-426
WC-1990,M-1990-33,T-73,0,1,M-412
WC-1990,M-1990-34,T-71,1,0,M-220
WC-1990,M-1990-34,T-84,0,1,M-419
WC-1990,M-1990-35,T-28,1,0,M-356
WC-1990,M-1990-35,T-26,0,1,M-007
WC-1990,M-1990-36,T-60,1,0,M-077
WC-1990,M-1990-36,T-48,0,1,M-034
WC-1990,M-1990-37,T-11,1,0,M-285
WC-1990,M-1990-37,T-16,0,1,M-246
WC-1990,M-1990-38,T-21,1,0,M-447
WC-1990,M-1990-38,T-17,0,1,M-266
WC-1990,M-1990-39,T-09,1,0,M-217
WC-1990,M-1990-39,T-03,0,1,M-044
WC-1990,M-1990-40,T-86,1,0,M-033
WC-1990,M-1990-40,T-48,0,1,M-034
WC-1990,M-1990-41,T-60,1,0,M-077
WC-1990,M-1990-41,T-61,0,1,M-185
WC-1990,M-1990-42,T-41,1,0,M-450
WC-1990,M-1990-42,T-84,0,1,M-419
WC-1990,M-1990-43,T-73,1,0,M-412
WC-1990,M-1990-43,T-87,0,1,M-303
WC-1990,M-1990-44,T-28,1,0,M-356
WC-1990,M-1990-44,T-06,0,1,M-426
WC-1990,M-1990-45,T-03,1,0,M-044
WC-1990,M-1990-45,T-87,0,1,M-303
WC-1990,M-1990-46,T-60,1,0,M-077
WC-1990,M-1990-46,T-41,0,1,M-450
WC-1990,M-1990-47,T-21,1,0,M-447
WC-1990,M-1990-47,T-86,0,1,M-033
WC-1990,M-1990-48,T-11,1,0,M-285
WC-1990,M-1990-48,T-28,0,1,M-356
WC-1990,M-1990-49,T-03,1,0,M-044
WC-1990,M-1990-49,T-41,0,1,M-450
WC-1990,M-1990-50,T-86,1,0,M-033
WC-1990,M-1990-50,T-28,0,1,M-356
WC-1990,M-1990-51,T-41,1,0,M-450
WC-1990,M-1990-51,T-28,0,1,M-356
WC-1990,M-1990-52,T-86,1,0,M-033
WC-1990,M-1990-52,T-03,0,1,M-044
WC-1991,M-1991-01,T-14,1,0,M-394
WC-1991,M-1991-01,T-53,0,1,M-316
WC-1991,M-1991-02,T-31,1,0,M-047
WC-1991,M-1991-02,T-50,0,1,M-053
WC-1991,M-1991-03,T-22,1,0,M-132
WC-1991,M-1991-03,T-49,0,1,M-051
WC-1991,M-1991-04,T-44,1,0,M-417
WC-1991,M-1991-04,T-09,0,1,M-328
WC-1991,M-1991-05,T-74,1,0,M-308
WC-1991,M-1991-05,T-83,0,1,M-106
WC-1991,M-1991-06,T-15,1,0,M-080
WC-1991,M-1991-06,T-41,0,1,M-148
WC-1991,M-1991-07,T-53,1,0,M-316
WC-1991,M-1991-07,T-49,0,1,M-051
WC-1991,M-1991-08,T-41,1,0,M-148
WC-1991,M-1991-08,T-50,0,1,M-053
WC-1991,M-1991-09,T-14,1,0,M-394
WC-1991,M-1991-09,T-22,0,1,M-132
WC-1991,M-1991-10,T-09,1,0,M-328
WC-1991,M-1991-10,T-83,0,1,M-106
WC-1991,M-1991-11,T-44,1,0,M-417
WC-1991,M-1991-11,T-74,0,1,M-308
WC-1991,M-1991-12,T-15,1,0,M-080
WC-1991,M-1991-12,T-31,0,1,M-047
WC-1991,M-1991-13,T-09,1,0,M-328
WC-1991,M-1991-13,T-74,0,1,M-308
WC-1991,M-1991-14,T-44,1,0,M-417
WC-1991,M-1991-14,T-83,0,1,M-106
WC-1991,M-1991-15,T-14,1,0,M-394
WC-1991,M-1991-15,T-49,0,1,M-051
WC-1991,M-1991-16,T-53,1,0,M-316
WC-1991,M-1991-16,T-22,0,1,M-132
WC-1991,M-1991-17,T-15,1,0,M-080
WC-1991,M-1991-17,T-50,0,1,M-053
WC-1991,M-1991-18,T-41,1,0,M-148
WC-1991,M-1991-18,T-31,0,1,M-047
WC-1991,M-1991-19,T-22,1,0,M-132
WC-1991,M-1991-19,T-31,0,1,M-047
WC-1991,M-1991-20,T-14,1,0,M-394
WC-1991,M-1991-20,T-74,0,1,M-308
WC-1991,M-1991-21,T-53,1,0,M-316
WC-1991,M-1991-21,T-41,0,1,M-148
WC-1991,M-1991-22,T-83,1,0,M-106
WC-1991,M-1991-22,T-15,0,1,M-080
WC-1991,M-1991-23,T-74,1,0,M-308
WC-1991,M-1991-23,T-53,0,1,M-316
WC-1991,M-1991-24,T-31,1,0,M-047
WC-1991,M-1991-24,T-83,0,1,M-106
WC-1991,M-1991-25,T-74,1,0,M-308
WC-1991,M-1991-25,T-31,0,1,M-047
WC-1991,M-1991-26,T-53,1,0,M-316
WC-1991,M-1991-26,T-83,0,1,M-106
WC-1994,M-1994-01,T-31,1,0,M-457
WC-1994,M-1994-01,T-07,0,1,M-025
WC-1994,M-1994-02,T-73,1,0,M-082
WC-1994,M-1994-02,T-71,0,1,M-198
WC-1994,M-1994-03,T-83,1,0,M-266
WC-1994,M-1994-03,T-75,0,1,M-173
WC-1994,M-1994-04,T-41,1,0,M-368
WC-1994,M-1994-04,T-60,0,1,M-077
WC-1994,M-1994-05,T-16,1,0,M-246
WC-1994,M-1994-05,T-61,0,1,M-179
WC-1994,M-1994-06,T-06,1,0,M-445
WC-1994,M-1994-06,T-47,0,1,M-049
WC-1994,M-1994-07,T-53,1,0,M-298
WC-1994,M-1994-07,T-46,0,1,M-252
WC-1994,M-1994-08,T-11,1,0,M-259
WC-1994,M-1994-08,T-74,0,1,M-418
WC-1994,M-1994-09,T-09,1,0,M-311
WC-1994,M-1994-09,T-62,0,1,M-369
WC-1994,M-1994-10,T-48,1,0,M-004
WC-1994,M-1994-10,T-63,0,1,M-401
WC-1994,M-1994-11,T-03,1,0,M-029
WC-1994,M-1994-11,T-33,0,1,M-309
WC-1994,M-1994-12,T-31,1,0,M-457
WC-1994,M-1994-12,T-73,0,1,M-082
WC-1994,M-1994-13,T-50,1,0,M-466
WC-1994,M-1994-13,T-10,0,1,M-317
WC-1994,M-1994-14,T-61,1,0,M-179
WC-1994,M-1994-14,T-75,0,1,M-173
WC-1994,M-1994-15,T-83,1,0,M-266
WC-1994,M-1994-15,T-16,0,1,M-246
WC-1994,M-1994-16,T-41,1,0,M-368
WC-1994,M-1994-16,T-53,0,1,M-298
WC-1994,M-1994-17,T-71,1,0,M-198
WC-1994,M-1994-17,T-07,0,1,M-025
WC-1994,M-1994-18,T-46,1,0,M-252
WC-1994,M-1994-18,T-60,0,1,M-077
WC-1994,M-1994-19,T-09,1,0,M-311
WC-1994,M-1994-19,T-11,0,1,M-259
WC-1994,M-1994-20,T-74,1,0,M-418
WC-1994,M-1994-20,T-62,0,1,M-369
WC-1994,M-1994-21,T-06,1,0,M-445
WC-1994,M-1994-21,T-48,0,1,M-004
WC-1994,M-1994-22,T-63,1,0,M-401
WC-1994,M-1994-22,T-47,0,1,M-049
WC-1994,M-1994-23,T-03,1,0,M-029
WC-1994,M-1994-23,T-50,0,1,M-466
WC-1994,M-1994-24,T-10,1,0,M-317
WC-1994,M-1994-24,T-33,0,1,M-309
WC-1994,M-1994-25,T-75,1,0,M-173
WC-1994,M-1994-25,T-16,0,1,M-246
WC-1994,M-1994-26,T-83,1,0,M-266
WC-1994,M-1994-26,T-61,0,1,M-179
WC-1994,M-1994-27,T-07,1,0,M-025
WC-1994,M-1994-27,T-73,0,1,M-082
WC-1994,M-1994-28,T-31,1,0,M-457
WC-1994,M-1994-28,T-71,0,1,M-198
WC-1994,M-1994-29,T-41,1,0,M-368
WC-1994,M-1994-29,T-46,0,1,M-252
WC-1994,M-1994-30,T-60,1,0,M-077
WC-1994,M-1994-30,T-53,0,1,M-298
WC-1994,M-1994-31,T-62,1,0,M-369
WC-1994,M-1994-31,T-11,0,1,M-259
WC-1994,M-1994-32,T-09,1,0,M-311
WC-1994,M-1994-32,T-74,0,1,M-418
WC-1994,M-1994-33,T-06,1,0,M-445
WC-1994,M-1994-33,T-63,0,1,M-401
WC-1994,M-1994-34,T-47,1,0,M-049
WC-1994,M-1994-34,T-48,0,1,M-004
WC-1994,M-1994-35,T-03,1,0,M-029
WC-1994,M-1994-35,T-10,0,1,M-317
WC-1994,M-1994-36,T-33,1,0,M-309
WC-1994,M-1994-36,T-50,0,1,M-466
WC-1994,M-1994-37,T-31,1,0,M-457
WC-1994,M-1994-37,T-06,0,1,M-445
WC-1994,M-1994-38,T-73,1,0,M-082
WC-1994,M-1994-38,T-75,0,1,M-173
WC-1994,M-1994-39,T-63,1,0,M-401
WC-1994,M-1994-39,T-74,0,1,M-418
WC-1994,M-1994-40,T-61,1,0,M-179
WC-1994,M-1994-40,T-03,0,1,M-029
WC-1994,M-1994-41,T-48,1,0,M-004
WC-1994,M-1994-41,T-60,0,1,M-077
WC-1994,M-1994-42,T-09,1,0,M-311
WC-1994,M-1994-42,T-83,0,1,M-266
WC-1994,M-1994-43,T-50,1,0,M-466
WC-1994,M-1994-43,T-41,0,1,M-368
WC-1994,M-1994-44,T-46,1,0,M-252
WC-1994,M-1994-44,T-10,0,1,M-317
WC-1994,M-1994-45,T-41,1,0,M-368
WC-1994,M-1994-45,T-73,0,1,M-082
WC-1994,M-1994-46,T-48,1,0,M-004
WC-1994,M-1994-46,T-09,0,1,M-311
WC-1994,M-1994-47,T-10,1,0,M-317
WC-1994,M-1994-47,T-31,0,1,M-457
WC-1994,M-1994-48,T-61,1,0,M-179
WC-1994,M-1994-48,T-74,0,1,M-418
WC-1994,M-1994-49,T-10,1,0,M-317
WC-1994,M-1994-49,T-41,0,1,M-368
WC-1994,M-1994-50,T-74,1,0,M-418
WC-1994,M-1994-50,T-09,0,1,M-311
WC-1994,M-1994-51,T-74,1,0,M-418
WC-1994,M-1994-51,T-10,0,1,M-317
WC-1994,M-1994-52,T-09,1,0,M-311
WC-1994,M-1994-52,T-41,0,1,M-368
WC-1995,M-1995-01,T-31,1,0,M-047
WC-1995,M-1995-01,T-44,0,1,M-417
WC-1995,M-1995-02,T-74,1,0,M-398
WC-1995,M-1995-02,T-09,0,1,M-129
WC-1995,M-1995-03,T-28,1,0,M-083
WC-1995,M-1995-03,T-12,0,1,M-035
WC-1995,M-1995-04,T-53,1,0,M-316
WC-1995,M-1995-04,T-50,0,1,M-155
WC-1995,M-1995-05,T-22,1,0,M-132
WC-1995,M-1995-05,T-04,0,1,M-393
WC-1995,M-1995-06,T-83,1,0,M-099
WC-1995,M-1995-06,T-14,0,1,M-237
WC-1995,M-1995-07,T-09,1,0,M-129
WC-1995,M-1995-07,T-44,0,1,M-417
WC-1995,M-1995-08,T-74,1,0,M-398
WC-1995,M-1995-08,T-31,0,1,M-047
WC-1995,M-1995-09,T-50,1,0,M-155
WC-1995,M-1995-09,T-12,0,1,M-035
WC-1995,M-1995-10,T-53,1,0,M-316
WC-1995,M-1995-10,T-28,0,1,M-083
WC-1995,M-1995-11,T-14,1,0,M-237
WC-1995,M-1995-11,T-04,0,1,M-393
WC-1995,M-1995-12,T-83,1,0,M-099
WC-1995,M-1995-12,T-22,0,1,M-132
WC-1995,M-1995-13,T-09,1,0,M-129
WC-1995,M-1995-13,T-31,0,1,M-047
WC-1995,M-1995-14,T-74,1,0,M-398
WC-1995,M-1995-14,T-44,0,1,M-417
WC-1995,M-1995-15,T-50,1,0,M-155
WC-1995,M-1995-15,T-28,0,1,M-083
WC-1995,M-1995-16,T-53,1,0,M-316
WC-1995,M-1995-16,T-12,0,1,M-035
WC-1995,M-1995-17,T-14,1,0,M-237
WC-1995,M-1995-17,T-22,0,1,M-132
WC-1995,M-1995-18,T-83,1,0,M-099
WC-1995,M-1995-18,T-04,0,1,M-393
WC-1995,M-1995-19,T-44,1,0,M-417
WC-1995,M-1995-19,T-83,0,1,M-099
WC-1995,M-1995-20,T-53,1,0,M-316
WC-1995,M-1995-20,T-22,0,1,M-132
WC-1995,M-1995-21,T-31,1,0,M-047
WC-1995,M-1995-21,T-28,0,1,M-083
WC-1995,M-1995-22,T-74,1,0,M-398
WC-1995,M-1995-22,T-14,0,1,M-237
WC-1995,M-1995-23,T-83,1,0,M-099
WC-1995,M-1995-23,T-53,0,1,M-316
WC-1995,M-1995-24,T-31,1,0,M-047
WC-1995,M-1995-24,T-14,0,1,M-237
WC-1995,M-1995-25,T-14,1,0,M-237
WC-1995,M-1995-25,T-83,0,1,M-099
WC-1995,M-1995-26,T-31,1,0,M-047
WC-1995,M-1995-26,T-53,0,1,M-316
WC-1998,M-1998-01,T-09,1,0,M-474
WC-1998,M-1998-01,T-64,0,1,M-059
WC-1998,M-1998-02,T-47,1,0,M-259
WC-1998,M-1998-02,T-53,0,1,M-298
WC-1998,M-1998-03,T-41,1,0,M-240
WC-1998,M-1998-03,T-13,0,1,M-001
WC-1998,M-1998-04,T-11,1,0,M-219
WC-1998,M-1998-04,T-05,0,1,M-336
WC-1998,M-1998-05,T-55,1,0,M-073
WC-1998,M-1998-05,T-10,0,1,M-052
WC-1998,M-1998-06,T-63,1,0,M-009
WC-1998,M-1998-06,T-63,1,0,M-311
WC-1998,M-1998-06,T-22,0,1,M-187
WC-1998,M-1998-07,T-30,1,0,M-182
WC-1998,M-1998-07,T-70,0,1,M-435
WC-1998,M-1998-08,T-73,1,0,M-082
WC-1998,M-1998-08,T-50,0,1,M-266
WC-1998,M-1998-09,T-71,1,0,M-076
WC-1998,M-1998-09,T-46,0,1,M-215
WC-1998,M-1998-10,T-48,1,0,M-168
WC-1998,M-1998-10,T-06,0,1,M-221
WC-1998,M-1998-11,T-03,1,0,M-313
WC-1998,M-1998-11,T-44,0,1,M-293
WC-1998,M-1998-12,T-87,1,0,M-379
WC-1998,M-1998-12,T-38,0,1,M-422
WC-1998,M-1998-13,T-43,1,0,M-396
WC-1998,M-1998-13,T-18,0,1,M-048
WC-1998,M-1998-14,T-28,1,0,M-172
WC-1998,M-1998-14,T-79,0,1,M-192
WC-1998,M-1998-14,T-79,0,1,M-391
WC-1998,M-1998-15,T-61,1,0,M-179
WC-1998,M-1998-15,T-16,0,1,M-141
WC-1998,M-1998-16,T-31,1,0,M-457
WC-1998,M-1998-16,T-83,0,1,M-372
WC-1998,M-1998-17,T-64,1,0,M-059
WC-1998,M-1998-17,T-53,0,1,M-298
WC-1998,M-1998-18,T-09,1,0,M-474
WC-1998,M-1998-18,T-47,0,1,M-259
WC-1998,M-1998-19,T-13,1,0,M-001
WC-1998,M-1998-19,T-05,0,1,M-336
WC-1998,M-1998-20,T-41,1,0,M-240
WC-1998,M-1998-20,T-11,0,1,M-219
WC-1998,M-1998-21,T-70,1,0,M-435
WC-1998,M-1998-21,T-22,0,1,M-187
WC-1998,M-1998-22,T-30,1,0,M-182
WC-1998,M-1998-22,T-63,0,1,M-009
WC-1998,M-1998-22,T-63,0,1,M-311
WC-1998,M-1998-23,T-50,1,0,M-266
WC-1998,M-1998-23,T-10,0,1,M-052
WC-1998,M-1998-24,T-73,1,0,M-082
WC-1998,M-1998-24,T-55,0,1,M-073
WC-1998,M-1998-25,T-44,1,0,M-293
WC-1998,M-1998-25,T-18,0,1,M-048
WC-1998,M-1998-26,T-06,1,0,M-221
WC-1998,M-1998-26,T-46,0,1,M-215
WC-1998,M-1998-27,T-48,1,0,M-168
WC-1998,M-1998-27,T-71,0,1,M-076
WC-1998,M-1998-28,T-31,1,0,M-457
WC-1998,M-1998-28,T-87,0,1,M-379
WC-1998,M-1998-29,T-03,1,0,M-313
WC-1998,M-1998-29,T-43,0,1,M-396
WC-1998,M-1998-30,T-83,1,0,M-372
WC-1998,M-1998-30,T-38,0,1,M-422
WC-1998,M-1998-31,T-16,1,0,M-141
WC-1998,M-1998-31,T-79,0,1,M-192
WC-1998,M-1998-31,T-79,0,1,M-391
WC-1998,M-1998-32,T-61,1,0,M-179
WC-1998,M-1998-32,T-28,0,1,M-172
WC-1998,M-1998-33,T-13,1,0,M-001
WC-1998,M-1998-33,T-11,0,1,M-219
WC-1998,M-1998-34,T-41,1,0,M-240
WC-1998,M-1998-34,T-05,0,1,M-336
WC-1998,M-1998-35,T-09,1,0,M-474
WC-1998,M-1998-35,T-53,0,1,M-298
WC-1998,M-1998-36,T-64,1,0,M-059
WC-1998,M-1998-36,T-47,0,1,M-259
WC-1998,M-1998-37,T-30,1,0,M-182
WC-1998,M-1998-37,T-22,0,1,M-187
WC-1998,M-1998-38,T-70,1,0,M-435
WC-1998,M-1998-38,T-63,0,1,M-009
WC-1998,M-1998-38,T-63,0,1,M-311
WC-1998,M-1998-39,T-50,1,0,M-266
WC-1998,M-1998-39,T-55,0,1,M-073
WC-1998,M-1998-40,T-73,1,0,M-082
WC-1998,M-1998-40,T-10,0,1,M-052
WC-1998,M-1998-41,T-06,1,0,M-221
WC-1998,M-1998-41,T-71,0,1,M-076
WC-1998,M-1998-42,T-48,1,0,M-168
WC-1998,M-1998-42,T-46,0,1,M-215
WC-1998,M-1998-43,T-31,1,0,M-457
WC-1998,M-1998-43,T-38,0,1,M-422
WC-1998,M-1998-44,T-83,1,0,M-372
WC-1998,M-1998-44,T-87,0,1,M-379
WC-1998,M-1998-45,T-03,1,0,M-313
WC-1998,M-1998-45,T-18,0,1,M-048
WC-1998,M-1998-46,T-44,1,0,M-293
WC-1998,M-1998-46,T-43,0,1,M-396
WC-1998,M-1998-47,T-16,1,0,M-141
WC-1998,M-1998-47,T-28,0,1,M-172
WC-1998,M-1998-48,T-61,1,0,M-179
WC-1998,M-1998-48,T-79,0,1,M-192
WC-1998,M-1998-48,T-79,0,1,M-391
WC-1998,M-1998-49,T-41,1,0,M-240
WC-1998,M-1998-49,T-53,0,1,M-298
WC-1998,M-1998-50,T-09,1,0,M-474
WC-1998,M-1998-50,T-13,0,1,M-001
WC-1998,M-1998-51,T-30,1,0,M-182
WC-1998,M-1998-51,T-55,0,1,M-073
WC-1998,M-1998-52,T-50,1,0,M-266
WC-1998,M-1998-52,T-22,0,1,M-187
WC-1998,M-1998-53,T-31,1,0,M-457
WC-1998,M-1998-53,T-46,0,1,M-215
WC-1998,M-1998-54,T-48,1,0,M-168
WC-1998,M-1998-54,T-87,0,1,M-379
WC-1998,M-1998-55,T-61,1,0,M-179
WC-1998,M-1998-55,T-18,0,1,M-048
WC-1998,M-1998-56,T-03,1,0,M-313
WC-1998,M-1998-56,T-28,0,1,M-172
WC-1998,M-1998-57,T-41,1,0,M-240
WC-1998,M-1998-57,T-30,0,1,M-182
WC-1998,M-1998-58,T-09,1,0,M-474
WC-1998,M-1998-58,T-22,0,1,M-187
WC-1998,M-1998-59,T-48,1,0,M-168
WC-1998,M-1998-59,T-03,0,1,M-313
WC-1998,M-1998-60,T-31,1,0,M-457
WC-1998,M-1998-60,T-18,0,1,M-048
WC-1998,M-1998-61,T-09,1,0,M-474
WC-1998,M-1998-61,T-48,0,1,M-168
WC-1998,M-1998-62,T-30,1,0,M-182
WC-1998,M-1998-62,T-18,0,1,M-048
WC-1998,M-1998-63,T-48,1,0,M-168
WC-1998,M-1998-63,T-18,0,1,M-048
WC-1998,M-1998-64,T-09,1,0,M-474
WC-1998,M-1998-64,T-30,0,1,M-182
WC-1999,M-1999-01,T-83,1,0,M-099
WC-1999,M-1999-01,T-22,0,1,M-178
WC-1999,M-1999-02,T-14,1,0,M-237
WC-1999,M-1999-02,T-74,0,1,M-104
WC-1999,M-1999-03,T-09,1,0,M-469
WC-1999,M-1999-03,T-46,0,1,M-087
WC-1999,M-1999-04,T-44,1,0,M-267
WC-1999,M-1999-04,T-12,0,1,M-436
WC-1999,M-1999-05,T-31,1,0,M-425
WC-1999,M-1999-05,T-41,0,1,M-120
WC-1999,M-1999-06,T-53,1,0,M-174
WC-1999,M-1999-06,T-62,0,1,M-067
WC-1999,M-1999-07,T-51,1,0,M-278
WC-1999,M-1999-07,T-50,0,1,M-180
WC-1999,M-1999-08,T-04,1,0,M-060
WC-1999,M-1999-08,T-32,0,1,M-005
WC-1999,M-1999-09,T-44,1,0,M-267
WC-1999,M-1999-09,T-62,0,1,M-067
WC-1999,M-1999-10,T-53,1,0,M-174
WC-1999,M-1999-10,T-12,0,1,M-436
WC-1999,M-1999-11,T-04,1,0,M-060
WC-1999,M-1999-11,T-74,0,1,M-104
WC-1999,M-1999-12,T-14,1,0,M-237
WC-1999,M-1999-12,T-32,0,1,M-005
WC-1999,M-1999-13,T-09,1,0,M-469
WC-1999,M-1999-13,T-41,0,1,M-120
WC-1999,M-1999-14,T-51,1,0,M-278
WC-1999,M-1999-14,T-22,0,1,M-178
WC-1999,M-1999-15,T-83,1,0,M-099
WC-1999,M-1999-15,T-50,0,1,M-180
WC-1999,M-1999-16,T-31,1,0,M-425
WC-1999,M-1999-16,T-46,0,1,M-087
WC-1999,M-1999-17,T-12,1,0,M-436
WC-1999,M-1999-17,T-62,0,1,M-067
WC-1999,M-1999-18,T-14,1,0,M-237
WC-1999,M-1999-18,T-04,0,1,M-060
WC-1999,M-1999-19,T-32,1,0,M-005
WC-1999,M-1999-19,T-74,0,1,M-104
WC-1999,M-1999-20,T-53,1,0,M-174
WC-1999,M-1999-20,T-44,0,1,M-267
WC-1999,M-1999-21,T-31,1,0,M-425
WC-1999,M-1999-21,T-09,0,1,M-469
WC-1999,M-1999-22,T-50,1,0,M-180
WC-1999,M-1999-22,T-22,0,1,M-178
WC-1999,M-1999-23,T-46,1,0,M-087
WC-1999,M-1999-23,T-41,0,1,M-120
WC-1999,M-1999-24,T-83,1,0,M-099
WC-1999,M-1999-24,T-51,0,1,M-278
WC-1999,M-1999-25,T-14,1,0,M-237
WC-1999,M-1999-25,T-62,0,1,M-067
WC-1999,M-1999-26,T-53,1,0,M-174
WC-1999,M-1999-26,T-74,0,1,M-104
WC-1999,M-1999-27,T-83,1,0,M-099
WC-1999,M-1999-27,T-31,0,1,M-425
WC-1999,M-1999-28,T-09,1,0,M-469
WC-1999,M-1999-28,T-50,0,1,M-180
WC-1999,M-1999-29,T-83,1,0,M-099
WC-1999,M-1999-29,T-09,0,1,M-469
WC-1999,M-1999-30,T-53,1,0,M-174
WC-1999,M-1999-30,T-14,0,1,M-237
WC-1999,M-1999-31,T-09,1,0,M-469
WC-1999,M-1999-31,T-53,0,1,M-174
WC-1999,M-1999-32,T-83,1,0,M-099
WC-1999,M-1999-32,T-14,0,1,M-237
WC-2002,M-2002-01,T-30,1,0,M-222
WC-2002,M-2002-01,T-65,0,1,M-257
WC-2002,M-2002-02,T-60,1,0,M-248
WC-2002,M-2002-02,T-11,0,1,M-384
WC-2002,M-2002-03,T-84,1,0,M-337
WC-2002,M-2002-03,T-22,0,1,M-299
WC-2002,M-2002-04,T-31,1,0,M-458
WC-2002,M-2002-04,T-63,0,1,M-008
WC-2002,M-2002-05,T-03,1,0,M-043
WC-2002,M-2002-05,T-50,0,1,M-300
WC-2002,M-2002-06,T-55,1,0,M-240
WC-2002,M-2002-06,T-70,0,1,M-403
WC-2002,M-2002-07,T-28,1,0,M-118
WC-2002,M-2002-07,T-74,0,1,M-212
WC-2002,M-2002-07,T-74,0,1,M-400
WC-2002,M-2002-08,T-73,1,0,M-069
WC-2002,M-2002-08,T-69,0,1,M-193
WC-2002,M-2002-09,T-18,1,0,M-188
WC-2002,M-2002-09,T-46,0,1,M-006
WC-2002,M-2002-10,T-09,1,0,M-389
WC-2002,M-2002-10,T-80,0,1,M-151
WC-2002,M-2002-11,T-41,1,0,M-433
WC-2002,M-2002-11,T-25,0,1,M-141
WC-2002,M-2002-12,T-14,1,0,M-266
WC-2002,M-2002-12,T-17,0,1,M-150
WC-2002,M-2002-13,T-44,1,0,M-435
WC-2002,M-2002-13,T-06,0,1,M-464
WC-2002,M-2002-14,T-71,1,0,M-168
WC-2002,M-2002-14,T-57,0,1,M-114
WC-2002,M-2002-15,T-62,1,0,M-360
WC-2002,M-2002-15,T-79,0,1,M-404
WC-2002,M-2002-16,T-83,1,0,M-020
WC-2002,M-2002-16,T-58,0,1,M-297
WC-2002,M-2002-17,T-31,1,0,M-458
WC-2002,M-2002-17,T-60,0,1,M-248
WC-2002,M-2002-18,T-22,1,0,M-299
WC-2002,M-2002-18,T-65,0,1,M-257
WC-2002,M-2002-19,T-11,1,0,M-384
WC-2002,M-2002-19,T-63,0,1,M-008
WC-2002,M-2002-20,T-30,1,0,M-222
WC-2002,M-2002-20,T-84,0,1,M-337
WC-2002,M-2002-21,T-74,1,0,M-212
WC-2002,M-2002-21,T-74,1,0,M-400
WC-2002,M-2002-21,T-50,0,1,M-300
WC-2002,M-2002-22,T-73,1,0,M-069
WC-2002,M-2002-22,T-55,0,1,M-240
WC-2002,M-2002-23,T-03,1,0,M-043
WC-2002,M-2002-23,T-28,0,1,M-118
WC-2002,M-2002-24,T-70,1,0,M-403
WC-2002,M-2002-24,T-69,0,1,M-193
WC-2002,M-2002-25,T-41,1,0,M-433
WC-2002,M-2002-25,T-18,0,1,M-188
WC-2002,M-2002-26,T-09,1,0,M-389
WC-2002,M-2002-26,T-14,0,1,M-266
WC-2002,M-2002-27,T-46,1,0,M-006
WC-2002,M-2002-27,T-25,0,1,M-141
WC-2002,M-2002-28,T-17,1,0,M-150
WC-2002,M-2002-28,T-80,0,1,M-151
WC-2002,M-2002-29,T-44,1,0,M-435
WC-2002,M-2002-29,T-62,0,1,M-360
WC-2002,M-2002-30,T-71,1,0,M-168
WC-2002,M-2002-30,T-83,0,1,M-020
WC-2002,M-2002-31,T-79,1,0,M-404
WC-2002,M-2002-31,T-06,0,1,M-464
WC-2002,M-2002-32,T-58,1,0,M-297
WC-2002,M-2002-32,T-57,0,1,M-114
WC-2002,M-2002-33,T-22,1,0,M-299
WC-2002,M-2002-33,T-30,0,1,M-222
WC-2002,M-2002-34,T-65,1,0,M-257
WC-2002,M-2002-34,T-84,0,1,M-337
WC-2002,M-2002-35,T-11,1,0,M-384
WC-2002,M-2002-35,T-31,0,1,M-458
WC-2002,M-2002-36,T-63,1,0,M-008
WC-2002,M-2002-36,T-60,0,1,M-248
WC-2002,M-2002-37,T-50,1,0,M-300
WC-2002,M-2002-37,T-28,0,1,M-118
WC-2002,M-2002-38,T-74,1,0,M-212
WC-2002,M-2002-38,T-74,1,0,M-400
WC-2002,M-2002-38,T-03,0,1,M-043
WC-2002,M-2002-39,T-69,1,0,M-193
WC-2002,M-2002-39,T-55,0,1,M-240
WC-2002,M-2002-40,T-70,1,0,M-403
WC-2002,M-2002-40,T-73,0,1,M-069
WC-2002,M-2002-41,T-17,1,0,M-150
WC-2002,M-2002-41,T-09,0,1,M-389
WC-2002,M-2002-42,T-80,1,0,M-151
WC-2002,M-2002-42,T-14,0,1,M-266
WC-2002,M-2002-43,T-25,1,0,M-141
WC-2002,M-2002-43,T-18,0,1,M-188
WC-2002,M-2002-44,T-46,1,0,M-006
WC-2002,M-2002-44,T-41,0,1,M-433
WC-2002,M-2002-45,T-06,1,0,M-464
WC-2002,M-2002-45,T-62,0,1,M-360
WC-2002,M-2002-46,T-79,1,0,M-404
WC-2002,M-2002-46,T-44,0,1,M-435
WC-2002,M-2002-47,T-57,1,0,M-114
WC-2002,M-2002-47,T-83,0,1,M-020
WC-2002,M-2002-48,T-58,1,0,M-297
WC-2002,M-2002-48,T-71,0,1,M-168
WC-2002,M-2002-49,T-31,1,0,M-458
WC-2002,M-2002-49,T-55,0,1,M-240
WC-2002,M-2002-50,T-22,1,0,M-299
WC-2002,M-2002-50,T-28,0,1,M-118
WC-2002,M-2002-51,T-74,1,0,M-212
WC-2002,M-2002-51,T-74,1,0,M-400
WC-2002,M-2002-51,T-65,0,1,M-257
WC-2002,M-2002-52,T-73,1,0,M-069
WC-2002,M-2002-52,T-60,0,1,M-248
WC-2002,M-2002-53,T-46,1,0,M-006
WC-2002,M-2002-53,T-83,0,1,M-020
WC-2002,M-2002-54,T-09,1,0,M-389
WC-2002,M-2002-54,T-06,0,1,M-464
WC-2002,M-2002-55,T-44,1,0,M-435
WC-2002,M-2002-55,T-80,0,1,M-151
WC-2002,M-2002-56,T-71,1,0,M-168
WC-2002,M-2002-56,T-41,0,1,M-433
WC-2002,M-2002-57,T-28,1,0,M-118
WC-2002,M-2002-57,T-09,0,1,M-389
WC-2002,M-2002-58,T-31,1,0,M-458
WC-2002,M-2002-58,T-83,0,1,M-020
WC-2002,M-2002-59,T-73,1,0,M-069
WC-2002,M-2002-59,T-71,0,1,M-168
WC-2002,M-2002-60,T-65,1,0,M-257
WC-2002,M-2002-60,T-80,0,1,M-151
WC-2002,M-2002-61,T-31,1,0,M-458
WC-2002,M-2002-61,T-71,0,1,M-168
WC-2002,M-2002-62,T-09,1,0,M-389
WC-2002,M-2002-62,T-80,0,1,M-151
WC-2002,M-2002-63,T-71,1,0,M-168
WC-2002,M-2002-63,T-80,0,1,M-151
WC-2002,M-2002-64,T-31,1,0,M-458
WC-2002,M-2002-64,T-09,0,1,M-389
WC-2003,M-2003-01,T-53,1,0,M-409
WC-2003,M-2003-01,T-30,0,1,M-229
WC-2003,M-2003-02,T-50,1,0,M-295
WC-2003,M-2003-02,T-51,0,1,M-354
WC-2003,M-2003-03,T-31,1,0,M-425
WC-2003,M-2003-03,T-12,0,1,M-316
WC-2003,M-2003-04,T-44,1,0,M-438
WC-2003,M-2003-04,T-03,0,1,M-056
WC-2003,M-2003-05,T-83,1,0,M-160
WC-2003,M-2003-05,T-74,0,1,M-104
WC-2003,M-2003-06,T-09,1,0,M-143
WC-2003,M-2003-06,T-71,0,1,M-013
WC-2003,M-2003-07,T-04,1,0,M-378
WC-2003,M-2003-07,T-62,0,1,M-067
WC-2003,M-2003-08,T-14,1,0,M-236
WC-2003,M-2003-08,T-32,0,1,M-024
WC-2003,M-2003-09,T-53,1,0,M-409
WC-2003,M-2003-09,T-09,0,1,M-143
WC-2003,M-2003-10,T-31,1,0,M-425
WC-2003,M-2003-10,T-44,0,1,M-438
WC-2003,M-2003-11,T-30,1,0,M-229
WC-2003,M-2003-11,T-71,0,1,M-013
WC-2003,M-2003-12,T-12,1,0,M-316
WC-2003,M-2003-12,T-03,0,1,M-056
WC-2003,M-2003-13,T-32,1,0,M-024
WC-2003,M-2003-13,T-62,0,1,M-067
WC-2003,M-2003-14,T-74,1,0,M-104
WC-2003,M-2003-14,T-51,0,1,M-354
WC-2003,M-2003-15,T-14,1,0,M-236
WC-2003,M-2003-15,T-04,0,1,M-378
WC-2003,M-2003-16,T-83,1,0,M-160
WC-2003,M-2003-16,T-50,0,1,M-295
WC-2003,M-2003-17,T-30,1,0,M-229
WC-2003,M-2003-17,T-09,0,1,M-143
WC-2003,M-2003-18,T-71,1,0,M-013
WC-2003,M-2003-18,T-53,0,1,M-409
WC-2003,M-2003-19,T-03,1,0,M-056
WC-2003,M-2003-19,T-31,0,1,M-425
WC-2003,M-2003-20,T-12,1,0,M-316
WC-2003,M-2003-20,T-44,0,1,M-438
WC-2003,M-2003-21,T-74,1,0,M-104
WC-2003,M-2003-21,T-50,0,1,M-295
WC-2003,M-2003-22,T-51,1,0,M-354
WC-2003,M-2003-22,T-83,0,1,M-160
WC-2003,M-2003-23,T-32,1,0,M-024
WC-2003,M-2003-23,T-04,0,1,M-378
WC-2003,M-2003-24,T-14,1,0,M-236
WC-2003,M-2003-24,T-62,0,1,M-067
WC-2003,M-2003-25,T-09,1,0,M-143
WC-2003,M-2003-25,T-74,0,1,M-104
WC-2003,M-2003-26,T-83,1,0,M-160
WC-2003,M-2003-26,T-53,0,1,M-409
WC-2003,M-2003-27,T-31,1,0,M-425
WC-2003,M-2003-27,T-62,0,1,M-067
WC-2003,M-2003-28,T-14,1,0,M-236
WC-2003,M-2003-28,T-12,0,1,M-316
WC-2003,M-2003-29,T-83,1,0,M-160
WC-2003,M-2003-29,T-31,0,1,M-425
WC-2003,M-2003-30,T-74,1,0,M-104
WC-2003,M-2003-30,T-12,0,1,M-316
WC-2003,M-2003-31,T-83,1,0,M-160
WC-2003,M-2003-31,T-12,0,1,M-316
WC-2003,M-2003-32,T-31,1,0,M-425
WC-2003,M-2003-32,T-74,0,1,M-104
WC-2006,M-2006-01,T-31,1,0,M-204
WC-2006,M-2006-01,T-17,0,1,M-150
WC-2006,M-2006-02,T-57,1,0,M-183
WC-2006,M-2006-02,T-25,0,1,M-413
WC-2006,M-2006-03,T-28,1,0,M-118
WC-2006,M-2006-03,T-55,0,1,M-364
WC-2006,M-2006-04,T-78,1,0,M-034
WC-2006,M-2006-04,T-74,0,1,M-212
WC-2006,M-2006-05,T-03,1,0,M-315
WC-2006,M-2006-05,T-42,0,1,M-259
WC-2006,M-2006-06,T-67,1,0,M-318
WC-2006,M-2006-06,T-48,0,1,M-443
WC-2006,M-2006-07,T-46,1,0,M-211
WC-2006,M-2006-07,T-38,0,1,M-181
WC-2006,M-2006-08,T-02,1,0,M-142
WC-2006,M-2006-08,T-58,0,1,M-389
WC-2006,M-2006-09,T-04,1,0,M-168
WC-2006,M-2006-09,T-44,0,1,M-475
WC-2006,M-2006-10,T-83,1,0,M-020
WC-2006,M-2006-10,T-20,0,1,M-062
WC-2006,M-2006-11,T-41,1,0,M-225
WC-2006,M-2006-11,T-32,0,1,M-107
WC-2006,M-2006-12,T-71,1,0,M-004
WC-2006,M-2006-12,T-77,0,1,M-322
WC-2006,M-2006-13,T-30,1,0,M-105
WC-2006,M-2006-13,T-75,0,1,M-210
WC-2006,M-2006-14,T-09,1,0,M-311
WC-2006,M-2006-14,T-18,0,1,M-207
WC-2006,M-2006-15,T-73,1,0,M-018
WC-2006,M-2006-15,T-81,0,1,M-050
WC-2006,M-2006-16,T-79,1,0,M-222
WC-2006,M-2006-16,T-63,0,1,M-310
WC-2006,M-2006-17,T-31,1,0,M-204
WC-2006,M-2006-17,T-57,0,1,M-183
WC-2006,M-2006-18,T-25,1,0,M-413
WC-2006,M-2006-18,T-17,0,1,M-150
WC-2006,M-2006-19,T-28,1,0,M-118
WC-2006,M-2006-19,T-78,0,1,M-034
WC-2006,M-2006-20,T-74,1,0,M-212
WC-2006,M-2006-20,T-55,0,1,M-364
WC-2006,M-2006-21,T-03,1,0,M-315
WC-2006,M-2006-21,T-67,0,1,M-318
WC-2006,M-2006-22,T-48,1,0,M-443
WC-2006,M-2006-22,T-42,0,1,M-259
WC-2006,M-2006-23,T-46,1,0,M-211
WC-2006,M-2006-23,T-02,0,1,M-142
WC-2006,M-2006-24,T-58,1,0,M-389
WC-2006,M-2006-24,T-38,0,1,M-181
WC-2006,M-2006-25,T-20,1,0,M-062
WC-2006,M-2006-25,T-32,0,1,M-107
WC-2006,M-2006-26,T-41,1,0,M-225
WC-2006,M-2006-26,T-83,0,1,M-020
WC-2006,M-2006-27,T-44,1,0,M-475
WC-2006,M-2006-27,T-18,0,1,M-207
WC-2006,M-2006-28,T-09,1,0,M-311
WC-2006,M-2006-28,T-04,0,1,M-168
WC-2006,M-2006-29,T-30,1,0,M-105
WC-2006,M-2006-29,T-71,0,1,M-004
WC-2006,M-2006-30,T-77,1,0,M-322
WC-2006,M-2006-30,T-75,0,1,M-210
WC-2006,M-2006-31,T-63,1,0,M-310
WC-2006,M-2006-31,T-81,0,1,M-050
WC-2006,M-2006-32,T-73,1,0,M-018
WC-2006,M-2006-32,T-79,0,1,M-222
WC-2006,M-2006-33,T-17,1,0,M-150
WC-2006,M-2006-33,T-57,0,1,M-183
WC-2006,M-2006-34,T-25,1,0,M-413
WC-2006,M-2006-34,T-31,0,1,M-204
WC-2006,M-2006-35,T-55,1,0,M-364
WC-2006,M-2006-35,T-78,0,1,M-034
WC-2006,M-2006-36,T-74,1,0,M-212
WC-2006,M-2006-36,T-28,0,1,M-118
WC-2006,M-2006-37,T-38,1,0,M-181
WC-2006,M-2006-37,T-02,0,1,M-142
WC-2006,M-2006-38,T-58,1,0,M-389
WC-2006,M-2006-38,T-46,0,1,M-211
WC-2006,M-2006-39,T-42,1,0,M-259
WC-2006,M-2006-39,T-67,0,1,M-318
WC-2006,M-2006-40,T-48,1,0,M-443
WC-2006,M-2006-40,T-03,0,1,M-315
WC-2006,M-2006-41,T-20,1,0,M-062
WC-2006,M-2006-41,T-41,0,1,M-225
WC-2006,M-2006-42,T-32,1,0,M-107
WC-2006,M-2006-42,T-83,0,1,M-020
WC-2006,M-2006-43,T-18,1,0,M-207
WC-2006,M-2006-43,T-04,0,1,M-168
WC-2006,M-2006-44,T-44,1,0,M-475
WC-2006,M-2006-44,T-09,0,1,M-311
WC-2006,M-2006-45,T-63,1,0,M-310
WC-2006,M-2006-45,T-73,0,1,M-018
WC-2006,M-2006-46,T-81,1,0,M-050
WC-2006,M-2006-46,T-79,0,1,M-222
WC-2006,M-2006-47,T-75,1,0,M-210
WC-2006,M-2006-47,T-71,0,1,M-004
WC-2006,M-2006-48,T-77,1,0,M-322
WC-2006,M-2006-48,T-30,0,1,M-105
WC-2006,M-2006-49,T-31,1,0,M-204
WC-2006,M-2006-49,T-74,0,1,M-212
WC-2006,M-2006-50,T-03,1,0,M-315
WC-2006,M-2006-50,T-46,0,1,M-211
WC-2006,M-2006-51,T-28,1,0,M-118
WC-2006,M-2006-51,T-25,0,1,M-413
WC-2006,M-2006-52,T-58,1,0,M-389
WC-2006,M-2006-52,T-48,0,1,M-443
WC-2006,M-2006-53,T-41,1,0,M-225
WC-2006,M-2006-53,T-04,0,1,M-168
WC-2006,M-2006-54,T-75,1,0,M-210
WC-2006,M-2006-54,T-81,0,1,M-050
WC-2006,M-2006-55,T-09,1,0,M-311
WC-2006,M-2006-55,T-32,0,1,M-107
WC-2006,M-2006-56,T-73,1,0,M-018
WC-2006,M-2006-56,T-30,0,1,M-105
WC-2006,M-2006-57,T-31,1,0,M-204
WC-2006,M-2006-57,T-03,0,1,M-315
WC-2006,M-2006-58,T-41,1,0,M-225
WC-2006,M-2006-58,T-81,0,1,M-050
WC-2006,M-2006-59,T-28,1,0,M-118
WC-2006,M-2006-59,T-58,0,1,M-389
WC-2006,M-2006-60,T-09,1,0,M-311
WC-2006,M-2006-60,T-30,0,1,M-105
WC-2006,M-2006-61,T-31,1,0,M-204
WC-2006,M-2006-61,T-41,0,1,M-225
WC-2006,M-2006-62,T-58,1,0,M-389
WC-2006,M-2006-62,T-30,0,1,M-105
WC-2006,M-2006-63,T-31,1,0,M-204
WC-2006,M-2006-63,T-58,0,1,M-389
WC-2006,M-2006-64,T-41,1,0,M-225
WC-2006,M-2006-64,T-30,0,1,M-105
WC-2007,M-2007-01,T-31,1,0,M-284
WC-2007,M-2007-01,T-03,0,1,M-056
WC-2007,M-2007-02,T-83,1,0,M-365
WC-2007,M-2007-02,T-51,0,1,M-201
WC-2007,M-2007-03,T-44,1,0,M-292
WC-2007,M-2007-03,T-28,0,1,M-332
WC-2007,M-2007-04,T-50,1,0,M-110
WC-2007,M-2007-04,T-74,0,1,M-095
WC-2007,M-2007-05,T-32,1,0,M-307
WC-2007,M-2007-05,T-04,0,1,M-393
WC-2007,M-2007-06,T-49,1,0,M-163
WC-2007,M-2007-06,T-09,0,1,M-026
WC-2007,M-2007-07,T-53,1,0,M-040
WC-2007,M-2007-07,T-12,0,1,M-316
WC-2007,M-2007-08,T-14,1,0,M-104
WC-2007,M-2007-08,T-22,0,1,M-159
WC-2007,M-2007-09,T-03,1,0,M-056
WC-2007,M-2007-09,T-44,0,1,M-292
WC-2007,M-2007-10,T-74,1,0,M-095
WC-2007,M-2007-10,T-83,0,1,M-365
WC-2007,M-2007-11,T-28,1,0,M-332
WC-2007,M-2007-11,T-31,0,1,M-284
WC-2007,M-2007-12,T-51,1,0,M-201
WC-2007,M-2007-12,T-50,0,1,M-110
WC-2007,M-2007-13,T-12,1,0,M-316
WC-2007,M-2007-13,T-32,0,1,M-307
WC-2007,M-2007-14,T-22,1,0,M-159
WC-2007,M-2007-14,T-49,0,1,M-163
WC-2007,M-2007-15,T-04,1,0,M-393
WC-2007,M-2007-15,T-53,0,1,M-040
WC-2007,M-2007-16,T-09,1,0,M-026
WC-2007,M-2007-16,T-14,0,1,M-104
WC-2007,M-2007-17,T-28,1,0,M-332
WC-2007,M-2007-17,T-03,0,1,M-056
WC-2007,M-2007-18,T-31,1,0,M-284
WC-2007,M-2007-18,T-44,0,1,M-292
WC-2007,M-2007-19,T-50,1,0,M-110
WC-2007,M-2007-19,T-83,0,1,M-365
WC-2007,M-2007-20,T-51,1,0,M-201
WC-2007,M-2007-20,T-74,0,1,M-095
WC-2007,M-2007-21,T-04,1,0,M-393
WC-2007,M-2007-21,T-12,0,1,M-316
WC-2007,M-2007-22,T-53,1,0,M-040
WC-2007,M-2007-22,T-32,0,1,M-307
WC-2007,M-2007-23,T-09,1,0,M-026
WC-2007,M-2007-23,T-22,0,1,M-159
WC-2007,M-2007-24,T-14,1,0,M-104
WC-2007,M-2007-24,T-49,0,1,M-163
WC-2007,M-2007-25,T-31,1,0,M-284
WC-2007,M-2007-25,T-51,0,1,M-201
WC-2007,M-2007-26,T-83,1,0,M-365
WC-2007,M-2007-26,T-28,0,1,M-332
WC-2007,M-2007-27,T-53,1,0,M-040
WC-2007,M-2007-27,T-14,0,1,M-104
WC-2007,M-2007-28,T-09,1,0,M-026
WC-2007,M-2007-28,T-04,0,1,M-393
WC-2007,M-2007-29,T-31,1,0,M-284
WC-2007,M-2007-29,T-53,0,1,M-040
WC-2007,M-2007-30,T-83,1,0,M-365
WC-2007,M-2007-30,T-09,0,1,M-026
WC-2007,M-2007-31,T-53,1,0,M-040
WC-2007,M-2007-31,T-83,0,1,M-365
WC-2007,M-2007-32,T-31,1,0,M-284
WC-2007,M-2007-32,T-09,0,1,M-026
WC-2010,M-2010-01,T-70,1,0,M-311
WC-2010,M-2010-01,T-46,0,1,M-006
WC-2010,M-2010-02,T-84,1,0,M-419
WC-2010,M-2010-02,T-30,0,1,M-105
WC-2010,M-2010-03,T-71,1,0,M-177
WC-2010,M-2010-03,T-33,0,1,M-351
WC-2010,M-2010-04,T-03,1,0,M-241
WC-2010,M-2010-04,T-50,0,1,M-212
WC-2010,M-2010-05,T-28,1,0,M-071
WC-2010,M-2010-05,T-83,0,1,M-058
WC-2010,M-2010-06,T-01,1,0,M-366
WC-2010,M-2010-06,T-69,0,1,M-194
WC-2010,M-2010-07,T-66,1,0,M-016
WC-2010,M-2010-07,T-32,0,1,M-342
WC-2010,M-2010-08,T-31,1,0,M-234
WC-2010,M-2010-08,T-04,0,1,M-448
WC-2010,M-2010-09,T-48,1,0,M-446
WC-2010,M-2010-09,T-22,0,1,M-299
WC-2010,M-2010-10,T-44,1,0,M-293
WC-2010,M-2010-10,T-11,0,1,M-218
WC-2010,M-2010-11,T-41,1,0,M-225
WC-2010,M-2010-11,T-55,0,1,M-244
WC-2010,M-2010-12,T-49,1,0,M-162
WC-2010,M-2010-12,T-68,0,1,M-465
WC-2010,M-2010-13,T-42,1,0,M-118
WC-2010,M-2010-13,T-58,0,1,M-339
WC-2010,M-2010-14,T-09,1,0,M-108
WC-2010,M-2010-14,T-51,0,1,M-199
WC-2010,M-2010-15,T-35,1,0,M-363
WC-2010,M-2010-15,T-13,0,1,M-043
WC-2010,M-2010-16,T-73,1,0,M-094
WC-2010,M-2010-16,T-75,0,1,M-170
WC-2010,M-2010-17,T-70,1,0,M-311
WC-2010,M-2010-17,T-84,0,1,M-419
WC-2010,M-2010-18,T-03,1,0,M-241
WC-2010,M-2010-18,T-71,0,1,M-177
WC-2010,M-2010-19,T-33,1,0,M-351
WC-2010,M-2010-19,T-50,0,1,M-212
WC-2010,M-2010-20,T-30,1,0,M-105
WC-2010,M-2010-20,T-46,0,1,M-006
WC-2010,M-2010-21,T-31,1,0,M-234
WC-2010,M-2010-21,T-66,0,1,M-016
WC-2010,M-2010-22,T-69,1,0,M-194
WC-2010,M-2010-22,T-83,0,1,M-058
WC-2010,M-2010-23,T-28,1,0,M-071
WC-2010,M-2010-23,T-01,0,1,M-366
WC-2010,M-2010-24,T-48,1,0,M-446
WC-2010,M-2010-24,T-44,0,1,M-293
WC-2010,M-2010-25,T-32,1,0,M-342
WC-2010,M-2010-25,T-04,0,1,M-448
WC-2010,M-2010-26,T-11,1,0,M-218
WC-2010,M-2010-26,T-22,0,1,M-299
WC-2010,M-2010-27,T-68,1,0,M-465
WC-2010,M-2010-27,T-55,0,1,M-244
WC-2010,M-2010-28,T-41,1,0,M-225
WC-2010,M-2010-28,T-49,0,1,M-162
WC-2010,M-2010-29,T-09,1,0,M-108
WC-2010,M-2010-29,T-42,0,1,M-118
WC-2010,M-2010-30,T-58,1,0,M-339
WC-2010,M-2010-30,T-51,0,1,M-199
WC-2010,M-2010-31,T-13,1,0,M-043
WC-2010,M-2010-31,T-75,0,1,M-170
WC-2010,M-2010-32,T-73,1,0,M-094
WC-2010,M-2010-32,T-35,0,1,M-363
WC-2010,M-2010-33,T-30,1,0,M-105
WC-2010,M-2010-33,T-70,0,1,M-311
WC-2010,M-2010-34,T-46,1,0,M-006
WC-2010,M-2010-34,T-84,0,1,M-419
WC-2010,M-2010-35,T-33,1,0,M-351
WC-2010,M-2010-35,T-03,0,1,M-241
WC-2010,M-2010-36,T-50,1,0,M-212
WC-2010,M-2010-36,T-71,0,1,M-177
WC-2010,M-2010-37,T-69,1,0,M-194
WC-2010,M-2010-37,T-28,0,1,M-071
WC-2010,M-2010-38,T-83,1,0,M-058
WC-2010,M-2010-38,T-01,0,1,M-366
WC-2010,M-2010-39,T-04,1,0,M-448
WC-2010,M-2010-39,T-66,0,1,M-016
WC-2010,M-2010-40,T-32,1,0,M-342
WC-2010,M-2010-40,T-31,0,1,M-234
WC-2010,M-2010-41,T-55,1,0,M-244
WC-2010,M-2010-41,T-49,0,1,M-162
WC-2010,M-2010-42,T-68,1,0,M-465
WC-2010,M-2010-42,T-41,0,1,M-225
WC-2010,M-2010-43,T-11,1,0,M-218
WC-2010,M-2010-43,T-48,0,1,M-446
WC-2010,M-2010-44,T-22,1,0,M-299
WC-2010,M-2010-44,T-44,0,1,M-293
WC-2010,M-2010-45,T-51,1,0,M-199
WC-2010,M-2010-45,T-42,0,1,M-118
WC-2010,M-2010-46,T-58,1,0,M-339
WC-2010,M-2010-46,T-09,0,1,M-108
WC-2010,M-2010-47,T-13,1,0,M-043
WC-2010,M-2010-47,T-73,0,1,M-094
WC-2010,M-2010-48,T-75,1,0,M-170
WC-2010,M-2010-48,T-35,0,1,M-363
WC-2010,M-2010-49,T-84,1,0,M-419
WC-2010,M-2010-49,T-71,0,1,M-177
WC-2010,M-2010-50,T-83,1,0,M-058
WC-2010,M-2010-50,T-32,0,1,M-342
WC-2010,M-2010-51,T-31,1,0,M-234
WC-2010,M-2010-51,T-28,0,1,M-071
WC-2010,M-2010-52,T-03,1,0,M-241
WC-2010,M-2010-52,T-46,0,1,M-006
WC-2010,M-2010-53,T-48,1,0,M-446
WC-2010,M-2010-53,T-68,0,1,M-465
WC-2010,M-2010-54,T-09,1,0,M-108
WC-2010,M-2010-54,T-13,0,1,M-043
WC-2010,M-2010-55,T-55,1,0,M-244
WC-2010,M-2010-55,T-44,0,1,M-293
WC-2010,M-2010-56,T-73,1,0,M-094
WC-2010,M-2010-56,T-58,0,1,M-339
WC-2010,M-2010-57,T-48,1,0,M-446
WC-2010,M-2010-57,T-09,0,1,M-108
WC-2010,M-2010-58,T-84,1,0,M-419
WC-2010,M-2010-58,T-32,0,1,M-342
WC-2010,M-2010-59,T-03,1,0,M-241
WC-2010,M-2010-59,T-31,0,1,M-234
WC-2010,M-2010-60,T-55,1,0,M-244
WC-2010,M-2010-60,T-73,0,1,M-094
WC-2010,M-2010-61,T-84,1,0,M-419
WC-2010,M-2010-61,T-48,0,1,M-446
WC-2010,M-2010-62,T-31,1,0,M-234
WC-2010,M-2010-62,T-73,0,1,M-094
WC-2010,M-2010-63,T-84,1,0,M-419
WC-2010,M-2010-63,T-31,0,1,M-234
WC-2010,M-2010-64,T-48,1,0,M-446
WC-2010,M-2010-64,T-73,0,1,M-094
WC-2011,M-2011-01,T-50,1,0,M-437
WC-2011,M-2011-01,T-30,0,1,M-046
WC-2011,M-2011-02,T-31,1,0,M-284
WC-2011,M-2011-02,T-12,0,1,M-270
WC-2011,M-2011-03,T-44,1,0,M-380
WC-2011,M-2011-03,T-49,0,1,M-163
WC-2011,M-2011-04,T-46,1,0,M-087
WC-2011,M-2011-04,T-28,0,1,M-332
WC-2011,M-2011-05,T-16,1,0,M-362
WC-2011,M-2011-05,T-74,0,1,M-095
WC-2011,M-2011-06,T-83,1,0,M-414
WC-2011,M-2011-06,T-51,0,1,M-201
WC-2011,M-2011-07,T-53,1,0,M-214
WC-2011,M-2011-07,T-29,0,1,M-130
WC-2011,M-2011-08,T-09,1,0,M-224
WC-2011,M-2011-08,T-04,0,1,M-393
WC-2011,M-2011-09,T-12,1,0,M-270
WC-2011,M-2011-09,T-30,0,1,M-046
WC-2011,M-2011-10,T-31,1,0,M-284
WC-2011,M-2011-10,T-50,0,1,M-437
WC-2011,M-2011-11,T-44,1,0,M-380
WC-2011,M-2011-11,T-46,0,1,M-087
WC-2011,M-2011-12,T-49,1,0,M-163
WC-2011,M-2011-12,T-28,0,1,M-332
WC-2011,M-2011-13,T-51,1,0,M-201
WC-2011,M-2011-13,T-74,0,1,M-095
WC-2011,M-2011-14,T-83,1,0,M-414
WC-2011,M-2011-14,T-16,0,1,M-362
WC-2011,M-2011-15,T-04,1,0,M-393
WC-2011,M-2011-15,T-29,0,1,M-130
WC-2011,M-2011-16,T-09,1,0,M-224
WC-2011,M-2011-16,T-53,0,1,M-214
WC-2011,M-2011-17,T-28,1,0,M-332
WC-2011,M-2011-17,T-44,0,1,M-380
WC-2011,M-2011-18,T-49,1,0,M-163
WC-2011,M-2011-18,T-46,0,1,M-087
WC-2011,M-2011-19,T-12,1,0,M-270
WC-2011,M-2011-19,T-50,0,1,M-437
WC-2011,M-2011-20,T-30,1,0,M-046
WC-2011,M-2011-20,T-31,0,1,M-284
WC-2011,M-2011-21,T-04,1,0,M-393
WC-2011,M-2011-21,T-53,0,1,M-214
WC-2011,M-2011-22,T-29,1,0,M-130
WC-2011,M-2011-22,T-09,0,1,M-224
WC-2011,M-2011-23,T-51,1,0,M-201
WC-2011,M-2011-23,T-16,0,1,M-362
WC-2011,M-2011-24,T-74,1,0,M-095
WC-2011,M-2011-24,T-83,0,1,M-414
WC-2011,M-2011-25,T-28,1,0,M-332
WC-2011,M-2011-25,T-30,0,1,M-046
WC-2011,M-2011-26,T-31,1,0,M-284
WC-2011,M-2011-26,T-44,0,1,M-380
WC-2011,M-2011-27,T-74,1,0,M-095
WC-2011,M-2011-27,T-04,0,1,M-393
WC-2011,M-2011-28,T-09,1,0,M-224
WC-2011,M-2011-28,T-83,0,1,M-414
WC-2011,M-2011-29,T-30,1,0,M-046
WC-2011,M-2011-29,T-83,0,1,M-414
WC-2011,M-2011-30,T-44,1,0,M-380
WC-2011,M-2011-30,T-74,0,1,M-095
WC-2011,M-2011-31,T-74,1,0,M-095
WC-2011,M-2011-31,T-30,0,1,M-046
WC-2011,M-2011-32,T-44,1,0,M-380
WC-2011,M-2011-32,T-83,0,1,M-414
WC-2014,M-2014-01,T-09,1,0,M-389
WC-2014,M-2014-01,T-18,0,1,M-206
WC-2014,M-2014-02,T-46,1,0,M-165
WC-2014,M-2014-02,T-11,0,1,M-125
WC-2014,M-2014-03,T-73,1,0,M-094
WC-2014,M-2014-03,T-48,0,1,M-444
WC-2014,M-2014-04,T-13,1,0,M-370
WC-2014,M-2014-04,T-04,0,1,M-331
WC-2014,M-2014-05,T-16,1,0,M-315
WC-2014,M-2014-05,T-33,0,1,M-377
WC-2014,M-2014-06,T-84,1,0,M-419
WC-2014,M-2014-06,T-17,0,1,M-326
WC-2014,M-2014-07,T-28,1,0,M-173
WC-2014,M-2014-07,T-41,0,1,M-334
WC-2014,M-2014-08,T-42,1,0,M-213
WC-2014,M-2014-08,T-44,0,1,M-473
WC-2014,M-2014-09,T-75,1,0,M-170
WC-2014,M-2014-09,T-25,0,1,M-363
WC-2014,M-2014-10,T-30,1,0,M-097
WC-2014,M-2014-10,T-35,0,1,M-413
WC-2014,M-2014-11,T-03,1,0,M-367
WC-2014,M-2014-11,T-08,0,1,M-416
WC-2014,M-2014-12,T-31,1,0,M-234
WC-2014,M-2014-12,T-58,0,1,M-036
WC-2014,M-2014-13,T-38,1,0,M-339
WC-2014,M-2014-13,T-50,0,1,M-196
WC-2014,M-2014-14,T-32,1,0,M-017
WC-2014,M-2014-14,T-83,0,1,M-204
WC-2014,M-2014-15,T-06,1,0,M-468
WC-2014,M-2014-15,T-01,0,1,M-152
WC-2014,M-2014-16,T-09,1,0,M-389
WC-2014,M-2014-16,T-46,0,1,M-165
WC-2014,M-2014-17,T-62,1,0,M-071
WC-2014,M-2014-17,T-71,0,1,M-176
WC-2014,M-2014-18,T-04,1,0,M-331
WC-2014,M-2014-18,T-48,0,1,M-444
WC-2014,M-2014-19,T-73,1,0,M-094
WC-2014,M-2014-19,T-13,0,1,M-370
WC-2014,M-2014-20,T-11,1,0,M-125
WC-2014,M-2014-20,T-18,0,1,M-206
WC-2014,M-2014-21,T-16,1,0,M-315
WC-2014,M-2014-21,T-42,0,1,M-213
WC-2014,M-2014-22,T-84,1,0,M-419
WC-2014,M-2014-22,T-28,0,1,M-173
WC-2014,M-2014-23,T-44,1,0,M-473
WC-2014,M-2014-23,T-33,0,1,M-377
WC-2014,M-2014-24,T-41,1,0,M-334
WC-2014,M-2014-24,T-17,0,1,M-326
WC-2014,M-2014-25,T-75,1,0,M-170
WC-2014,M-2014-25,T-30,0,1,M-097
WC-2014,M-2014-26,T-35,1,0,M-413
WC-2014,M-2014-26,T-25,0,1,M-363
WC-2014,M-2014-27,T-03,1,0,M-367
WC-2014,M-2014-27,T-38,0,1,M-339
WC-2014,M-2014-28,T-31,1,0,M-234
WC-2014,M-2014-28,T-32,0,1,M-017
WC-2014,M-2014-29,T-50,1,0,M-196
WC-2014,M-2014-29,T-08,0,1,M-416
WC-2014,M-2014-30,T-06,1,0,M-468
WC-2014,M-2014-30,T-62,0,1,M-071
WC-2014,M-2014-31,T-71,1,0,M-176
WC-2014,M-2014-31,T-01,0,1,M-152
WC-2014,M-2014-32,T-83,1,0,M-204
WC-2014,M-2014-32,T-58,0,1,M-036
WC-2014,M-2014-33,T-04,1,0,M-331
WC-2014,M-2014-33,T-73,0,1,M-094
WC-2014,M-2014-34,T-48,1,0,M-444
WC-2014,M-2014-34,T-13,0,1,M-370
WC-2014,M-2014-35,T-11,1,0,M-125
WC-2014,M-2014-35,T-09,0,1,M-389
WC-2014,M-2014-36,T-18,1,0,M-206
WC-2014,M-2014-36,T-46,0,1,M-165
WC-2014,M-2014-37,T-17,1,0,M-326
WC-2014,M-2014-37,T-28,0,1,M-173
WC-2014,M-2014-38,T-41,1,0,M-334
WC-2014,M-2014-38,T-84,0,1,M-419
WC-2014,M-2014-39,T-44,1,0,M-473
WC-2014,M-2014-39,T-16,0,1,M-315
WC-2014,M-2014-40,T-33,1,0,M-377
WC-2014,M-2014-40,T-42,0,1,M-213
WC-2014,M-2014-41,T-08,1,0,M-416
WC-2014,M-2014-41,T-38,0,1,M-339
WC-2014,M-2014-42,T-50,1,0,M-196
WC-2014,M-2014-42,T-03,0,1,M-367
WC-2014,M-2014-43,T-35,1,0,M-413
WC-2014,M-2014-43,T-75,0,1,M-170
WC-2014,M-2014-44,T-25,1,0,M-363
WC-2014,M-2014-44,T-30,0,1,M-097
WC-2014,M-2014-45,T-58,1,0,M-036
WC-2014,M-2014-45,T-32,0,1,M-017
WC-2014,M-2014-46,T-83,1,0,M-204
WC-2014,M-2014-46,T-31,0,1,M-234
WC-2014,M-2014-47,T-01,1,0,M-152
WC-2014,M-2014-47,T-62,0,1,M-071
WC-2014,M-2014-48,T-71,1,0,M-176
WC-2014,M-2014-48,T-06,0,1,M-468
WC-2014,M-2014-49,T-09,1,0,M-389
WC-2014,M-2014-49,T-13,0,1,M-370
WC-2014,M-2014-50,T-16,1,0,M-315
WC-2014,M-2014-50,T-84,0,1,M-419
WC-2014,M-2014-51,T-48,1,0,M-444
WC-2014,M-2014-51,T-46,0,1,M-165
WC-2014,M-2014-52,T-17,1,0,M-326
WC-2014,M-2014-52,T-33,0,1,M-377
WC-2014,M-2014-53,T-30,1,0,M-097
WC-2014,M-2014-53,T-50,0,1,M-196
WC-2014,M-2014-54,T-31,1,0,M-234
WC-2014,M-2014-54,T-01,0,1,M-152
WC-2014,M-2014-55,T-03,1,0,M-367
WC-2014,M-2014-55,T-75,0,1,M-170
WC-2014,M-2014-56,T-06,1,0,M-468
WC-2014,M-2014-56,T-83,0,1,M-204
WC-2014,M-2014-57,T-30,1,0,M-097
WC-2014,M-2014-57,T-31,0,1,M-234
WC-2014,M-2014-58,T-09,1,0,M-389
WC-2014,M-2014-58,T-16,0,1,M-315
WC-2014,M-2014-59,T-03,1,0,M-367
WC-2014,M-2014-59,T-06,0,1,M-468
WC-2014,M-2014-60,T-48,1,0,M-444
WC-2014,M-2014-60,T-17,0,1,M-326
WC-2014,M-2014-61,T-09,1,0,M-389
WC-2014,M-2014-61,T-31,0,1,M-234
WC-2014,M-2014-62,T-48,1,0,M-444
WC-2014,M-2014-62,T-03,0,1,M-367
WC-2014,M-2014-63,T-09,1,0,M-389
WC-2014,M-2014-63,T-48,0,1,M-444
WC-2014,M-2014-64,T-31,1,0,M-234
WC-2014,M-2014-64,T-03,0,1,M-367
WC-2015,M-2015-01,T-12,1,0,M-163
WC-2015,M-2015-01,T-14,0,1,M-156
WC-2015,M-2015-02,T-49,1,0,M-349
WC-2015,M-2015-02,T-48,0,1,M-352
WC-2015,M-2015-03,T-53,1,0,M-316
WC-2015,M-2015-03,T-76,0,1,M-406
WC-2015,M-2015-04,T-31,1,0,M-284
WC-2015,M-2015-04,T-42,0,1,M-431
WC-2015,M-2015-05,T-74,1,0,M-414
WC-2015,M-2015-05,T-50,0,1,M-294
WC-2015,M-2015-06,T-11,1,0,M-115
WC-2015,M-2015-06,T-25,0,1,M-019
WC-2015,M-2015-07,T-83,1,0,M-113
WC-2015,M-2015-07,T-04,0,1,M-408
WC-2015,M-2015-08,T-44,1,0,M-380
WC-2015,M-2015-08,T-75,0,1,M-459
WC-2015,M-2015-09,T-30,1,0,M-037
WC-2015,M-2015-09,T-28,0,1,M-371
WC-2015,M-2015-10,T-73,1,0,M-340
WC-2015,M-2015-10,T-17,0,1,M-442
WC-2015,M-2015-11,T-16,1,0,M-420
WC-2015,M-2015-11,T-46,0,1,M-087
WC-2015,M-2015-12,T-09,1,0,M-440
WC-2015,M-2015-12,T-71,0,1,M-472
WC-2015,M-2015-13,T-14,1,0,M-156
WC-2015,M-2015-13,T-48,0,1,M-352
WC-2015,M-2015-14,T-31,1,0,M-284
WC-2015,M-2015-14,T-53,0,1,M-316
WC-2015,M-2015-15,T-12,1,0,M-163
WC-2015,M-2015-15,T-49,0,1,M-349
WC-2015,M-2015-16,T-42,1,0,M-431
WC-2015,M-2015-16,T-76,0,1,M-406
WC-2015,M-2015-17,T-75,1,0,M-459
WC-2015,M-2015-17,T-25,0,1,M-019
WC-2015,M-2015-18,T-04,1,0,M-408
WC-2015,M-2015-18,T-50,0,1,M-294
WC-2015,M-2015-19,T-44,1,0,M-380
WC-2015,M-2015-19,T-11,0,1,M-115
WC-2015,M-2015-20,T-83,1,0,M-113
WC-2015,M-2015-20,T-74,0,1,M-414
WC-2015,M-2015-21,T-30,1,0,M-037
WC-2015,M-2015-21,T-16,0,1,M-420
WC-2015,M-2015-22,T-09,1,0,M-440
WC-2015,M-2015-22,T-73,0,1,M-340
WC-2015,M-2015-23,T-28,1,0,M-371
WC-2015,M-2015-23,T-46,0,1,M-087
WC-2015,M-2015-24,T-71,1,0,M-472
WC-2015,M-2015-24,T-17,0,1,M-442
WC-2015,M-2015-25,T-76,1,0,M-406
WC-2015,M-2015-25,T-31,0,1,M-284
WC-2015,M-2015-26,T-42,1,0,M-431
WC-2015,M-2015-26,T-53,0,1,M-316
WC-2015,M-2015-27,T-14,1,0,M-156
WC-2015,M-2015-27,T-49,0,1,M-349
WC-2015,M-2015-28,T-48,1,0,M-352
WC-2015,M-2015-28,T-12,0,1,M-163
WC-2015,M-2015-29,T-75,1,0,M-459
WC-2015,M-2015-29,T-11,0,1,M-115
WC-2015,M-2015-30,T-25,1,0,M-019
WC-2015,M-2015-30,T-44,0,1,M-380
WC-2015,M-2015-31,T-50,1,0,M-294
WC-2015,M-2015-31,T-83,0,1,M-113
WC-2015,M-2015-32,T-04,1,0,M-408
WC-2015,M-2015-32,T-74,0,1,M-414
WC-2015,M-2015-33,T-28,1,0,M-371
WC-2015,M-2015-33,T-16,0,1,M-420
WC-2015,M-2015-34,T-46,1,0,M-087
WC-2015,M-2015-34,T-30,0,1,M-037
WC-2015,M-2015-35,T-71,1,0,M-472
WC-2015,M-2015-35,T-73,0,1,M-340
WC-2015,M-2015-36,T-17,1,0,M-442
WC-2015,M-2015-36,T-09,0,1,M-440
WC-2015,M-2015-37,T-31,1,0,M-284
WC-2015,M-2015-37,T-74,0,1,M-414
WC-2015,M-2015-38,T-14,1,0,M-156
WC-2015,M-2015-38,T-11,0,1,M-115
WC-2015,M-2015-39,T-09,1,0,M-440
WC-2015,M-2015-39,T-04,0,1,M-408
WC-2015,M-2015-40,T-30,1,0,M-037
WC-2015,M-2015-40,T-71,0,1,M-472
WC-2015,M-2015-41,T-12,1,0,M-163
WC-2015,M-2015-41,T-75,0,1,M-459
WC-2015,M-2015-42,T-53,1,0,M-316
WC-2015,M-2015-42,T-28,0,1,M-371
WC-2015,M-2015-43,T-83,1,0,M-113
WC-2015,M-2015-43,T-16,0,1,M-420
WC-2015,M-2015-44,T-44,1,0,M-380
WC-2015,M-2015-44,T-48,0,1,M-352
WC-2015,M-2015-45,T-31,1,0,M-284
WC-2015,M-2015-45,T-30,0,1,M-037
WC-2015,M-2015-46,T-14,1,0,M-156
WC-2015,M-2015-46,T-83,0,1,M-113
WC-2015,M-2015-47,T-04,1,0,M-408
WC-2015,M-2015-47,T-44,0,1,M-380
WC-2015,M-2015-48,T-28,1,0,M-371
WC-2015,M-2015-48,T-12,0,1,M-163
WC-2015,M-2015-49,T-83,1,0,M-113
WC-2015,M-2015-49,T-31,0,1,M-284
WC-2015,M-2015-50,T-44,1,0,M-380
WC-2015,M-2015-50,T-28,0,1,M-371
WC-2015,M-2015-51,T-31,1,0,M-284
WC-2015,M-2015-51,T-28,0,1,M-371
WC-2015,M-2015-52,T-83,1,0,M-113
WC-2015,M-2015-52,T-44,0,1,M-380
WC-2018,M-2018-01,T-62,1,0,M-078
WC-2018,M-2018-01,T-63,0,1,M-329
WC-2018,M-2018-02,T-26,1,0,M-088
WC-2018,M-2018-02,T-84,0,1,M-419
WC-2018,M-2018-03,T-47,1,0,M-353
WC-2018,M-2018-03,T-38,0,1,M-339
WC-2018,M-2018-04,T-58,1,0,M-377
WC-2018,M-2018-04,T-73,0,1,M-169
WC-2018,M-2018-05,T-30,1,0,M-097
WC-2018,M-2018-05,T-04,0,1,M-446
WC-2018,M-2018-06,T-03,1,0,M-370
WC-2018,M-2018-06,T-37,0,1,M-153
WC-2018,M-2018-07,T-56,1,0,M-134
WC-2018,M-2018-07,T-22,0,1,M-158
WC-2018,M-2018-08,T-18,1,0,M-090
WC-2018,M-2018-08,T-50,0,1,M-359
WC-2018,M-2018-09,T-17,1,0,M-343
WC-2018,M-2018-09,T-66,0,1,M-208
WC-2018,M-2018-10,T-31,1,0,M-234
WC-2018,M-2018-10,T-46,0,1,M-304
WC-2018,M-2018-11,T-09,1,0,M-429
WC-2018,M-2018-11,T-75,0,1,M-319
WC-2018,M-2018-12,T-74,1,0,M-014
WC-2018,M-2018-12,T-71,0,1,M-395
WC-2018,M-2018-13,T-06,1,0,M-243
WC-2018,M-2018-13,T-54,0,1,M-141
WC-2018,M-2018-14,T-79,1,0,M-238
WC-2018,M-2018-14,T-28,0,1,M-405
WC-2018,M-2018-15,T-16,1,0,M-315
WC-2018,M-2018-15,T-44,0,1,M-289
WC-2018,M-2018-16,T-57,1,0,M-283
WC-2018,M-2018-16,T-65,0,1,M-081
WC-2018,M-2018-17,T-62,1,0,M-078
WC-2018,M-2018-17,T-26,0,1,M-088
WC-2018,M-2018-18,T-58,1,0,M-377
WC-2018,M-2018-18,T-47,0,1,M-353
WC-2018,M-2018-19,T-84,1,0,M-419
WC-2018,M-2018-19,T-63,0,1,M-329
WC-2018,M-2018-20,T-38,1,0,M-339
WC-2018,M-2018-20,T-73,0,1,M-169
WC-2018,M-2018-21,T-22,1,0,M-158
WC-2018,M-2018-21,T-04,0,1,M-446
WC-2018,M-2018-22,T-30,1,0,M-097
WC-2018,M-2018-22,T-56,0,1,M-134
WC-2018,M-2018-23,T-03,1,0,M-370
WC-2018,M-2018-23,T-18,0,1,M-090
WC-2018,M-2018-24,T-09,1,0,M-429
WC-2018,M-2018-24,T-17,0,1,M-343
WC-2018,M-2018-25,T-50,1,0,M-359
WC-2018,M-2018-25,T-37,0,1,M-153
WC-2018,M-2018-26,T-66,1,0,M-208
WC-2018,M-2018-26,T-75,0,1,M-319
WC-2018,M-2018-27,T-06,1,0,M-243
WC-2018,M-2018-27,T-79,0,1,M-238
WC-2018,M-2018-28,T-71,1,0,M-395
WC-2018,M-2018-28,T-46,0,1,M-304
WC-2018,M-2018-29,T-31,1,0,M-234
WC-2018,M-2018-29,T-74,0,1,M-014
WC-2018,M-2018-30,T-28,1,0,M-405
WC-2018,M-2018-30,T-54,0,1,M-141
WC-2018,M-2018-31,T-44,1,0,M-289
WC-2018,M-2018-31,T-65,0,1,M-081
WC-2018,M-2018-32,T-57,1,0,M-283
WC-2018,M-2018-32,T-16,0,1,M-315
WC-2018,M-2018-33,T-63,1,0,M-329
WC-2018,M-2018-33,T-26,0,1,M-088
WC-2018,M-2018-34,T-84,1,0,M-419
WC-2018,M-2018-34,T-62,0,1,M-078
WC-2018,M-2018-35,T-73,1,0,M-169
WC-2018,M-2018-35,T-47,0,1,M-353
WC-2018,M-2018-36,T-38,1,0,M-339
WC-2018,M-2018-36,T-58,0,1,M-377
WC-2018,M-2018-37,T-04,1,0,M-446
WC-2018,M-2018-37,T-56,0,1,M-134
WC-2018,M-2018-38,T-22,1,0,M-158
WC-2018,M-2018-38,T-30,0,1,M-097
WC-2018,M-2018-39,T-37,1,0,M-153
WC-2018,M-2018-39,T-18,0,1,M-090
WC-2018,M-2018-40,T-50,1,0,M-359
WC-2018,M-2018-40,T-03,0,1,M-370
WC-2018,M-2018-41,T-71,1,0,M-395
WC-2018,M-2018-41,T-31,0,1,M-234
WC-2018,M-2018-42,T-46,1,0,M-304
WC-2018,M-2018-42,T-74,0,1,M-014
WC-2018,M-2018-43,T-66,1,0,M-208
WC-2018,M-2018-43,T-09,0,1,M-429
WC-2018,M-2018-44,T-75,1,0,M-319
WC-2018,M-2018-44,T-17,0,1,M-343
WC-2018,M-2018-45,T-44,1,0,M-289
WC-2018,M-2018-45,T-57,0,1,M-283
WC-2018,M-2018-46,T-65,1,0,M-081
WC-2018,M-2018-46,T-16,0,1,M-315
WC-2018,M-2018-47,T-28,1,0,M-405
WC-2018,M-2018-47,T-06,0,1,M-243
WC-2018,M-2018-48,T-54,1,0,M-141
WC-2018,M-2018-48,T-79,0,1,M-238
WC-2018,M-2018-49,T-30,1,0,M-097
WC-2018,M-2018-49,T-03,0,1,M-370
WC-2018,M-2018-50,T-84,1,0,M-419
WC-2018,M-2018-50,T-58,0,1,M-377
WC-2018,M-2018-51,T-73,1,0,M-169
WC-2018,M-2018-51,T-62,0,1,M-078
WC-2018,M-2018-52,T-18,1,0,M-090
WC-2018,M-2018-52,T-22,0,1,M-158
WC-2018,M-2018-53,T-09,1,0,M-429
WC-2018,M-2018-53,T-46,0,1,M-304
WC-2018,M-2018-54,T-06,1,0,M-243
WC-2018,M-2018-54,T-44,0,1,M-289
WC-2018,M-2018-55,T-74,1,0,M-014
WC-2018,M-2018-55,T-75,0,1,M-319
WC-2018,M-2018-56,T-16,1,0,M-315
WC-2018,M-2018-56,T-28,0,1,M-405
WC-2018,M-2018-57,T-84,1,0,M-419
WC-2018,M-2018-57,T-30,0,1,M-097
WC-2018,M-2018-58,T-09,1,0,M-429
WC-2018,M-2018-58,T-06,0,1,M-243
WC-2018,M-2018-59,T-74,1,0,M-014
WC-2018,M-2018-59,T-28,0,1,M-405
WC-2018,M-2018-60,T-62,1,0,M-078
WC-2018,M-2018-60,T-18,0,1,M-090
WC-2018,M-2018-61,T-30,1,0,M-097
WC-2018,M-2018-61,T-06,0,1,M-243
WC-2018,M-2018-62,T-18,1,0,M-090
WC-2018,M-2018-62,T-28,0,1,M-405
WC-2018,M-2018-63,T-06,1,0,M-243
WC-2018,M-2018-63,T-28,0,1,M-405
WC-2018,M-2018-64,T-30,1,0,M-097
WC-2018,M-2018-64,T-18,0,1,M-090
WC-2019,M-2019-01,T-30,1,0,M-098
WC-2019,M-2019-01,T-71,0,1,M-472
WC-2019,M-2019-02,T-31,1,0,M-459
WC-2019,M-2019-02,T-14,0,1,M-186
WC-2019,M-2019-03,T-73,1,0,M-453
WC-2019,M-2019-03,T-70,0,1,M-112
WC-2019,M-2019-04,T-53,1,0,M-399
WC-2019,M-2019-04,T-50,0,1,M-095
WC-2019,M-2019-05,T-04,1,0,M-263
WC-2019,M-2019-05,T-41,0,1,M-041
WC-2019,M-2019-06,T-09,1,0,M-440
WC-2019,M-2019-06,T-43,0,1,M-255
WC-2019,M-2019-07,T-28,1,0,M-287
WC-2019,M-2019-07,T-64,0,1,M-195
WC-2019,M-2019-08,T-03,1,0,M-056
WC-2019,M-2019-08,T-44,0,1,M-421
WC-2019,M-2019-09,T-12,1,0,M-159
WC-2019,M-2019-09,T-11,0,1,M-102
WC-2019,M-2019-10,T-49,1,0,M-393
WC-2019,M-2019-10,T-48,0,1,M-467
WC-2019,M-2019-11,T-13,1,0,M-223
WC-2019,M-2019-11,T-74,0,1,M-135
WC-2019,M-2019-12,T-83,1,0,M-113
WC-2019,M-2019-12,T-76,0,1,M-406
WC-2019,M-2019-13,T-50,1,0,M-095
WC-2019,M-2019-13,T-71,0,1,M-472
WC-2019,M-2019-14,T-31,1,0,M-459
WC-2019,M-2019-14,T-73,0,1,M-453
WC-2019,M-2019-15,T-30,1,0,M-098
WC-2019,M-2019-15,T-53,0,1,M-399
WC-2019,M-2019-16,T-04,1,0,M-263
WC-2019,M-2019-16,T-09,0,1,M-440
WC-2019,M-2019-17,T-70,1,0,M-112
WC-2019,M-2019-17,T-14,0,1,M-186
WC-2019,M-2019-18,T-44,1,0,M-421
WC-2019,M-2019-18,T-64,0,1,M-195
WC-2019,M-2019-19,T-43,1,0,M-255
WC-2019,M-2019-19,T-41,0,1,M-041
WC-2019,M-2019-20,T-28,1,0,M-287
WC-2019,M-2019-20,T-03,0,1,M-056
WC-2019,M-2019-21,T-48,1,0,M-467
WC-2019,M-2019-21,T-11,0,1,M-102
WC-2019,M-2019-22,T-12,1,0,M-159
WC-2019,M-2019-22,T-49,0,1,M-393
WC-2019,M-2019-23,T-74,1,0,M-135
WC-2019,M-2019-23,T-76,0,1,M-406
WC-2019,M-2019-24,T-83,1,0,M-113
WC-2019,M-2019-24,T-13,0,1,M-223
WC-2019,M-2019-25,T-14,1,0,M-186
WC-2019,M-2019-25,T-73,0,1,M-453
WC-2019,M-2019-26,T-70,1,0,M-112
WC-2019,M-2019-26,T-31,0,1,M-459
WC-2019,M-2019-27,T-50,1,0,M-095
WC-2019,M-2019-27,T-30,0,1,M-098
WC-2019,M-2019-28,T-71,1,0,M-472
WC-2019,M-2019-28,T-53,0,1,M-399
WC-2019,M-2019-29,T-41,1,0,M-041
WC-2019,M-2019-29,T-09,0,1,M-440
WC-2019,M-2019-30,T-43,1,0,M-255
WC-2019,M-2019-30,T-04,0,1,M-263
WC-2019,M-2019-31,T-44,1,0,M-421
WC-2019,M-2019-31,T-28,0,1,M-287
WC-2019,M-2019-32,T-64,1,0,M-195
WC-2019,M-2019-32,T-03,0,1,M-056
WC-2019,M-2019-33,T-11,1,0,M-102
WC-2019,M-2019-33,T-49,0,1,M-393
WC-2019,M-2019-34,T-48,1,0,M-467
WC-2019,M-2019-34,T-12,0,1,M-159
WC-2019,M-2019-35,T-74,1,0,M-135
WC-2019,M-2019-35,T-83,0,1,M-113
WC-2019,M-2019-36,T-76,1,0,M-406
WC-2019,M-2019-36,T-13,0,1,M-223
WC-2019,M-2019-37,T-31,1,0,M-459
WC-2019,M-2019-37,T-50,0,1,M-095
WC-2019,M-2019-38,T-53,1,0,M-399
WC-2019,M-2019-38,T-04,0,1,M-263
WC-2019,M-2019-39,T-28,1,0,M-287
WC-2019,M-2019-39,T-11,0,1,M-102
WC-2019,M-2019-40,T-30,1,0,M-098
WC-2019,M-2019-40,T-09,0,1,M-440
WC-2019,M-2019-41,T-73,1,0,M-453
WC-2019,M-2019-41,T-83,0,1,M-113
WC-2019,M-2019-42,T-74,1,0,M-135
WC-2019,M-2019-42,T-12,0,1,M-159
WC-2019,M-2019-43,T-41,1,0,M-041
WC-2019,M-2019-43,T-14,0,1,M-186
WC-2019,M-2019-44,T-48,1,0,M-467
WC-2019,M-2019-44,T-44,0,1,M-421
WC-2019,M-2019-45,T-53,1,0,M-399
WC-2019,M-2019-45,T-28,0,1,M-287
WC-2019,M-2019-46,T-30,1,0,M-098
WC-2019,M-2019-46,T-83,0,1,M-113
WC-2019,M-2019-47,T-41,1,0,M-041
WC-2019,M-2019-47,T-48,0,1,M-467
WC-2019,M-2019-48,T-31,1,0,M-459
WC-2019,M-2019-48,T-74,0,1,M-135
WC-2019,M-2019-49,T-28,1,0,M-287
WC-2019,M-2019-49,T-83,0,1,M-113
WC-2019,M-2019-50,T-48,1,0,M-467
WC-2019,M-2019-50,T-74,0,1,M-135
WC-2019,M-2019-51,T-28,1,0,M-287
WC-2019,M-2019-51,T-74,0,1,M-135
WC-2019,M-2019-52,T-83,1,0,M-113
WC-2019,M-2019-52,T-48,0,1,M-467
WC-2022,M-2022-01,T-59,1,0,M-373
WC-2022,M-2022-01,T-25,0,1,M-011
WC-2022,M-2022-02,T-28,1,0,M-405
WC-2022,M-2022-02,T-38,0,1,M-339
WC-2022,M-2022-03,T-65,1,0,M-081
WC-2022,M-2022-03,T-48,0,1,M-444
WC-2022,M-2022-04,T-83,1,0,M-039
WC-2022,M-2022-04,T-85,0,1,M-306
WC-2022,M-2022-05,T-03,1,0,M-383
WC-2022,M-2022-05,T-63,0,1,M-353
WC-2022,M-2022-06,T-22,1,0,M-171
WC-2022,M-2022-06,T-79,0,1,M-190
WC-2022,M-2022-07,T-46,1,0,M-244
WC-2022,M-2022-07,T-57,0,1,M-261
WC-2022,M-2022-08,T-30,1,0,M-097
WC-2022,M-2022-08,T-04,0,1,M-022
WC-2022,M-2022-09,T-47,1,0,M-350
WC-2022,M-2022-09,T-18,0,1,M-090
WC-2022,M-2022-10,T-31,1,0,M-127
WC-2022,M-2022-10,T-44,0,1,M-273
WC-2022,M-2022-11,T-73,1,0,M-116
WC-2022,M-2022-11,T-17,0,1,M-413
WC-2022,M-2022-12,T-06,1,0,M-243
WC-2022,M-2022-12,T-12,0,1,M-163
WC-2022,M-2022-13,T-75,1,0,M-471
WC-2022,M-2022-13,T-11,0,1,M-402
WC-2022,M-2022-14,T-84,1,0,M-012
WC-2022,M-2022-14,T-71,0,1,M-036
WC-2022,M-2022-15,T-58,1,0,M-377
WC-2022,M-2022-15,T-32,0,1,M-002
WC-2022,M-2022-16,T-09,1,0,M-429
WC-2022,M-2022-16,T-66,0,1,M-411
WC-2022,M-2022-17,T-85,1,0,M-306
WC-2022,M-2022-17,T-38,0,1,M-339
WC-2022,M-2022-18,T-59,1,0,M-373
WC-2022,M-2022-18,T-65,0,1,M-081
WC-2022,M-2022-19,T-48,1,0,M-444
WC-2022,M-2022-19,T-25,0,1,M-011
WC-2022,M-2022-20,T-28,1,0,M-405
WC-2022,M-2022-20,T-83,0,1,M-039
WC-2022,M-2022-21,T-79,1,0,M-190
WC-2022,M-2022-21,T-04,0,1,M-022
WC-2022,M-2022-22,T-57,1,0,M-261
WC-2022,M-2022-22,T-63,0,1,M-353
WC-2022,M-2022-23,T-30,1,0,M-097
WC-2022,M-2022-23,T-22,0,1,M-171
WC-2022,M-2022-24,T-03,1,0,M-383
WC-2022,M-2022-24,T-46,0,1,M-244
WC-2022,M-2022-25,T-44,1,0,M-273
WC-2022,M-2022-25,T-17,0,1,M-413
WC-2022,M-2022-26,T-06,1,0,M-243
WC-2022,M-2022-26,T-47,0,1,M-350
WC-2022,M-2022-27,T-18,1,0,M-090
WC-2022,M-2022-27,T-12,0,1,M-163
WC-2022,M-2022-28,T-73,1,0,M-116
WC-2022,M-2022-28,T-31,0,1,M-127
WC-2022,M-2022-29,T-11,1,0,M-402
WC-2022,M-2022-29,T-66,0,1,M-411
WC-2022,M-2022-30,T-71,1,0,M-036
WC-2022,M-2022-30,T-32,0,1,M-002
WC-2022,M-2022-31,T-09,1,0,M-429
WC-2022,M-2022-31,T-75,0,1,M-471
WC-2022,M-2022-32,T-58,1,0,M-377
WC-2022,M-2022-32,T-84,0,1,M-012
WC-2022,M-2022-33,T-25,1,0,M-011
WC-2022,M-2022-33,T-65,0,1,M-081
WC-2022,M-2022-34,T-48,1,0,M-444
WC-2022,M-2022-34,T-59,0,1,M-373
WC-2022,M-2022-35,T-38,1,0,M-339
WC-2022,M-2022-35,T-83,0,1,M-039
WC-2022,M-2022-36,T-85,1,0,M-306
WC-2022,M-2022-36,T-28,0,1,M-405
WC-2022,M-2022-37,T-04,1,0,M-022
WC-2022,M-2022-37,T-22,0,1,M-171
WC-2022,M-2022-38,T-79,1,0,M-190
WC-2022,M-2022-38,T-30,0,1,M-097
WC-2022,M-2022-39,T-57,1,0,M-261
WC-2022,M-2022-39,T-03,0,1,M-383
WC-2022,M-2022-40,T-63,1,0,M-353
WC-2022,M-2022-40,T-46,0,1,M-244
WC-2022,M-2022-41,T-12,1,0,M-163
WC-2022,M-2022-41,T-47,0,1,M-350
WC-2022,M-2022-42,T-18,1,0,M-090
WC-2022,M-2022-42,T-06,0,1,M-243
WC-2022,M-2022-43,T-17,1,0,M-413
WC-2022,M-2022-43,T-31,0,1,M-127
WC-2022,M-2022-44,T-44,1,0,M-273
WC-2022,M-2022-44,T-73,0,1,M-116
WC-2022,M-2022-45,T-32,1,0,M-002
WC-2022,M-2022-45,T-84,0,1,M-012
WC-2022,M-2022-46,T-71,1,0,M-036
WC-2022,M-2022-46,T-58,0,1,M-377
WC-2022,M-2022-47,T-11,1,0,M-402
WC-2022,M-2022-47,T-09,0,1,M-429
WC-2022,M-2022-48,T-66,1,0,M-411
WC-2022,M-2022-48,T-75,0,1,M-471
WC-2022,M-2022-49,T-48,1,0,M-444
WC-2022,M-2022-49,T-83,0,1,M-039
WC-2022,M-2022-50,T-03,1,0,M-383
WC-2022,M-2022-50,T-04,0,1,M-022
WC-2022,M-2022-51,T-30,1,0,M-097
WC-2022,M-2022-51,T-57,0,1,M-261
WC-2022,M-2022-52,T-28,1,0,M-405
WC-2022,M-2022-52,T-65,0,1,M-081
WC-2022,M-2022-53,T-44,1,0,M-273
WC-2022,M-2022-53,T-18,0,1,M-090
WC-2022,M-2022-54,T-09,1,0,M-429
WC-2022,M-2022-54,T-71,0,1,M-036
WC-2022,M-2022-55,T-47,1,0,M-350
WC-2022,M-2022-55,T-73,0,1,M-116
WC-2022,M-2022-56,T-58,1,0,M-377
WC-2022,M-2022-56,T-75,0,1,M-471
WC-2022,M-2022-57,T-18,1,0,M-090
WC-2022,M-2022-57,T-09,0,1,M-429
WC-2022,M-2022-58,T-48,1,0,M-444
WC-2022,M-2022-58,T-03,0,1,M-383
WC-2022,M-2022-59,T-47,1,0,M-350
WC-2022,M-2022-59,T-58,0,1,M-377
WC-2022,M-2022-60,T-28,1,0,M-405
WC-2022,M-2022-60,T-30,0,1,M-097
WC-2022,M-2022-61,T-03,1,0,M-383
WC-2022,M-2022-61,T-18,0,1,M-090
WC-2022,M-2022-62,T-30,1,0,M-097
WC-2022,M-2022-62,T-47,0,1,M-350
WC-2022,M-2022-63,T-18,1,0,M-090
WC-2022,M-2022-63,T-47,0,1,M-350
WC-2022,M-2022-64,T-03,1,0,M-383
WC-2022,M-2022-64,T-30,0,1,M-097
