tournament_id,team_id,manager_id
WC-1930,T-56,M-061
WC-1930,T-30,M-075
WC-1930,T-09,M-091
WC-1930,T-55,M-109
WC-1930,T-06,M-140
WC-1930,T-46,M-235
WC-1930,T-83,M-265
WC-1930,T-03,M-296
WC-1930,T-13,M-302
WC-1930,T-61,M-341
WC-1930,T-07,M-381
WC-1930,T-87,M-397
WC-1930,T-84,M-415
WC-1930,T-03,M-432
WC-1934,T-73,M-133
WC-1934,T-48,M-136
WC-1934,T-06,M-140
WC-1934,T-83,M-146
WC-1934,T-30,M-203
WC-1934,T-26,M-249
WC-1934,T-05,M-250
WC-1934,T-75,M-275
WC-1934,T-36,M-280
WC-1934,T-31,M-286
WC-1934,T-03,M-312
WC-1934,T-21,M-320
WC-1934,T-74,M-321
WC-1934,T-41,M-333
WC-1934,T-61,M-341
WC-1934,T-61,M-439
WC-1934,T-09,M-456
WC-1938,T-30,M-028
WC-1938,T-06,M-066
WC-1938,T-36,M-101
WC-1938,T-48,M-136
WC-1938,T-53,M-154
WC-1938,T-31,M-161
WC-1938,T-57,M-191
WC-1938,T-23,M-245
WC-1938,T-21,M-251
WC-1938,T-74,M-281
WC-1938,T-09,M-325
WC-1938,T-41,M-333
WC-1938,T-61,M-341
WC-1938,T-75,M-345
WC-1938,T-61,M-382
WC-1938,T-36,M-385
WC-1938,T-19,M-423
WC-1950,T-75,M-015
WC-1950,T-87,M-023
WC-1950,T-13,M-063
WC-1950,T-09,M-085
WC-1950,T-73,M-111
WC-1950,T-55,M-126
WC-1950,T-83,M-184
WC-1950,T-84,M-230
WC-1950,T-41,M-291
WC-1950,T-07,M-335
WC-1950,T-74,M-347
WC-1950,T-46,M-449
WC-1950,T-28,M-470
WC-1954,T-64,M-032
WC-1954,T-21,M-054
WC-1954,T-41,M-089
WC-1954,T-86,M-161
WC-1954,T-71,M-202
WC-1954,T-06,M-226
WC-1954,T-84,M-230
WC-1954,T-46,M-231
WC-1954,T-09,M-272
WC-1954,T-05,M-282
WC-1954,T-30,M-323
WC-1954,T-80,M-338
WC-1954,T-75,M-345
WC-1954,T-36,M-390
WC-1954,T-87,M-428
WC-1954,T-28,M-470
WC-1958,T-05,M-021
WC-1958,T-36,M-027
WC-1958,T-30,M-030
WC-1958,T-64,M-064
WC-1958,T-52,M-103
WC-1958,T-09,M-122
WC-1958,T-55,M-144
WC-1958,T-86,M-161
WC-1958,T-72,M-189
WC-1958,T-21,M-205
WC-1958,T-46,M-231
WC-1958,T-85,M-277
WC-1958,T-74,M-347
WC-1958,T-03,M-407
WC-1958,T-87,M-428
WC-1958,T-64,M-463
WC-1958,T-28,M-470
WC-1962,T-36,M-027
WC-1962,T-84,M-084
WC-1962,T-41,M-124
WC-1962,T-86,M-161
WC-1962,T-73,M-164
WC-1962,T-72,M-189
WC-1962,T-03,M-232
WC-1962,T-87,M-233
WC-1962,T-41,M-247
WC-1962,T-87,M-262
WC-1962,T-09,M-271
WC-1962,T-10,M-305
WC-1962,T-16,M-314
WC-1962,T-75,M-345
WC-1962,T-13,M-355
WC-1962,T-46,M-434
WC-1962,T-21,M-461
WC-1962,T-28,M-470
WC-1966,T-13,M-010
WC-1966,T-36,M-027
WC-1966,T-41,M-119
WC-1966,T-09,M-122
WC-1966,T-75,M-128
WC-1966,T-58,M-137
WC-1966,T-30,M-149
WC-1966,T-03,M-232
WC-1966,T-72,M-274
WC-1966,T-51,M-279
WC-1966,T-28,M-344
WC-1966,T-86,M-388
WC-1966,T-46,M-434
WC-1966,T-84,M-452
WC-1966,T-73,M-454
WC-1966,T-10,M-461
WC-1970,T-74,M-038
WC-1970,T-10,M-057
WC-1970,T-46,M-072
WC-1970,T-27,M-074
WC-1970,T-56,M-100
WC-1970,T-06,M-139
WC-1970,T-84,M-175
WC-1970,T-72,M-189
WC-1970,T-21,M-242
WC-1970,T-61,M-288
WC-1970,T-28,M-344
WC-1970,T-40,M-386
WC-1970,T-86,M-388
WC-1970,T-41,M-441
WC-1970,T-47,M-451
WC-1970,T-09,M-474
WC-1974,T-13,M-010
WC-1974,T-24,M-065
WC-1974,T-03,M-070
WC-1974,T-74,M-117
WC-1974,T-57,M-145
WC-1974,T-48,M-260
WC-1974,T-87,M-264
WC-1974,T-10,M-268
WC-1974,T-64,M-301
WC-1974,T-84,M-330
WC-1974,T-04,M-346
WC-1974,T-86,M-388
WC-1974,T-34,M-424
WC-1974,T-41,M-441
WC-1974,T-88,M-451
WC-1974,T-09,M-474
WC-1978,T-36,M-027
WC-1978,T-41,M-031
WC-1978,T-56,M-068
WC-1978,T-79,M-079
WC-1978,T-09,M-086
WC-1978,T-74,M-117
WC-1978,T-57,M-138
WC-1978,T-48,M-157
WC-1978,T-30,M-167
WC-1978,T-73,M-209
WC-1978,T-64,M-239
WC-1978,T-03,M-254
WC-1978,T-38,M-269
WC-1978,T-46,M-357
WC-1978,T-86,M-388
WC-1978,T-05,M-392
WC-1982,T-49,M-003
WC-1982,T-41,M-031
WC-1982,T-72,M-042
WC-1982,T-52,M-045
WC-1982,T-35,M-092
WC-1982,T-86,M-096
WC-1982,T-28,M-147
WC-1982,T-30,M-167
WC-1982,T-01,M-197
WC-1982,T-05,M-216
WC-1982,T-01,M-253
WC-1982,T-03,M-254
WC-1982,T-36,M-256
WC-1982,T-87,M-264
WC-1982,T-45,M-311
WC-1982,T-57,M-324
WC-1982,T-27,M-358
WC-1982,T-73,M-374
WC-1982,T-09,M-375
WC-1982,T-13,M-376
WC-1982,T-05,M-387
WC-1982,T-64,M-410
WC-1982,T-06,M-426
WC-1982,T-56,M-427
WC-1982,T-21,M-447
WC-1982,T-11,M-455
WC-1986,T-41,M-031
WC-1986,T-86,M-033
WC-1986,T-03,M-044
WC-1986,T-52,M-045
WC-1986,T-84,M-055
WC-1986,T-39,M-093
WC-1986,T-47,M-121
WC-1986,T-64,M-123
WC-1986,T-71,M-200
WC-1986,T-72,M-227
WC-1986,T-36,M-258
WC-1986,T-30,M-259
WC-1986,T-46,M-266
WC-1986,T-73,M-276
WC-1986,T-57,M-324
WC-1986,T-22,M-327
WC-1986,T-55,M-348
WC-1986,T-28,M-356
WC-1986,T-01,M-366
WC-1986,T-09,M-375
WC-1986,T-06,M-426
WC-1986,T-58,M-430
WC-1986,T-10,M-460
WC-1986,T-12,M-462
WC-1990,T-26,M-007
WC-1990,T-86,M-033
WC-1990,T-48,M-034
WC-1990,T-03,M-044
WC-1990,T-60,M-077
WC-1990,T-83,M-131
WC-1990,T-05,M-166
WC-1990,T-61,M-185
WC-1990,T-09,M-217
WC-1990,T-71,M-220
WC-1990,T-72,M-228
WC-1990,T-16,M-246
WC-1990,T-17,M-266
WC-1990,T-11,M-285
WC-1990,T-74,M-290
WC-1990,T-87,M-303
WC-1990,T-82,M-311
WC-1990,T-28,M-356
WC-1990,T-64,M-361
WC-1990,T-73,M-412
WC-1990,T-84,M-419
WC-1990,T-06,M-426
WC-1990,T-21,M-447
WC-1990,T-41,M-450
WC-1991,T-31,M-047
WC-1991,T-49,M-051
WC-1991,T-50,M-053
WC-1991,T-15,M-080
WC-1991,T-83,M-106
WC-1991,T-22,M-132
WC-1991,T-41,M-148
WC-1991,T-74,M-308
WC-1991,T-53,M-316
WC-1991,T-09,M-328
WC-1991,T-14,M-394
WC-1991,T-44,M-417
WC-1994,T-48,M-004
WC-1994,T-07,M-025
WC-1994,T-03,M-029
WC-1994,T-47,M-049
WC-1994,T-60,M-077
WC-1994,T-73,M-082
WC-1994,T-75,M-173
WC-1994,T-61,M-179
WC-1994,T-71,M-198
WC-1994,T-16,M-246
WC-1994,T-46,M-252
WC-1994,T-11,M-259
WC-1994,T-83,M-266
WC-1994,T-53,M-298
WC-1994,T-33,M-309
WC-1994,T-09,M-311
WC-1994,T-10,M-317
WC-1994,T-41,M-368
WC-1994,T-62,M-369
WC-1994,T-63,M-401
WC-1994,T-74,M-418
WC-1994,T-06,M-445
WC-1994,T-31,M-457
WC-1994,T-50,M-466
WC-1995,T-12,M-035
WC-1995,T-31,M-047
WC-1995,T-28,M-083
WC-1995,T-83,M-099
WC-1995,T-09,M-129
WC-1995,T-22,M-132
WC-1995,T-50,M-155
WC-1995,T-14,M-237
WC-1995,T-53,M-316
WC-1995,T-04,M-393
WC-1995,T-74,M-398
WC-1995,T-44,M-417
WC-1998,T-13,M-001
WC-1998,T-63,M-009
WC-1998,T-18,M-048
WC-1998,T-10,M-052
WC-1998,T-64,M-059
WC-1998,T-55,M-073
WC-1998,T-71,M-076
WC-1998,T-73,M-082
WC-1998,T-16,M-141
WC-1998,T-48,M-168
WC-1998,T-28,M-172
WC-1998,T-61,M-179
WC-1998,T-30,M-182
WC-1998,T-22,M-187
WC-1998,T-79,M-192
WC-1998,T-46,M-215
WC-1998,T-11,M-219
WC-1998,T-06,M-221
WC-1998,T-41,M-240
WC-1998,T-47,M-259
WC-1998,T-50,M-266
WC-1998,T-44,M-293
WC-1998,T-53,M-298
WC-1998,T-63,M-311
WC-1998,T-03,M-313
WC-1998,T-05,M-336
WC-1998,T-83,M-372
WC-1998,T-87,M-379
WC-1998,T-79,M-391
WC-1998,T-43,M-396
WC-1998,T-38,M-422
WC-1998,T-70,M-435
WC-1998,T-31,M-457
WC-1998,T-09,M-474
WC-1999,T-32,M-005
WC-1999,T-04,M-060
WC-1999,T-62,M-067
WC-1999,T-46,M-087
WC-1999,T-83,M-099
WC-1999,T-74,M-104
WC-1999,T-41,M-120
WC-1999,T-53,M-174
WC-1999,T-22,M-178
WC-1999,T-50,M-180
WC-1999,T-14,M-237
WC-1999,T-44,M-267
WC-1999,T-51,M-278
WC-1999,T-31,M-425
WC-1999,T-12,M-436
WC-1999,T-09,M-469
WC-2002,T-46,M-006
WC-2002,T-63,M-008
WC-2002,T-83,M-020
WC-2002,T-03,M-043
WC-2002,T-73,M-069
WC-2002,T-57,M-114
WC-2002,T-28,M-118
WC-2002,T-25,M-141
WC-2002,T-17,M-150
WC-2002,T-80,M-151
WC-2002,T-71,M-168
WC-2002,T-18,M-188
WC-2002,T-69,M-193
WC-2002,T-74,M-212
WC-2002,T-30,M-222
WC-2002,T-55,M-240
WC-2002,T-60,M-248
WC-2002,T-65,M-257
WC-2002,T-14,M-266
WC-2002,T-58,M-297
WC-2002,T-22,M-299
WC-2002,T-50,M-300
WC-2002,T-84,M-337
WC-2002,T-62,M-360
WC-2002,T-11,M-384
WC-2002,T-09,M-389
WC-2002,T-74,M-400
WC-2002,T-70,M-403
WC-2002,T-79,M-404
WC-2002,T-41,M-433
WC-2002,T-44,M-435
WC-2002,T-31,M-458
WC-2002,T-06,M-464
WC-2003,T-71,M-013
WC-2003,T-32,M-024
WC-2003,T-03,M-056
WC-2003,T-62,M-067
WC-2003,T-74,M-104
WC-2003,T-09,M-143
WC-2003,T-83,M-160
WC-2003,T-30,M-229
WC-2003,T-14,M-236
WC-2003,T-50,M-295
WC-2003,T-12,M-316
WC-2003,T-51,M-354
WC-2003,T-04,M-378
WC-2003,T-53,M-409
WC-2003,T-31,M-425
WC-2003,T-44,M-438
WC-2006,T-71,M-004
WC-2006,T-73,M-018
WC-2006,T-83,M-020
WC-2006,T-78,M-034
WC-2006,T-81,M-050
WC-2006,T-20,M-062
WC-2006,T-30,M-105
WC-2006,T-32,M-107
WC-2006,T-28,M-118
WC-2006,T-02,M-142
WC-2006,T-17,M-150
WC-2006,T-04,M-168
WC-2006,T-38,M-181
WC-2006,T-57,M-183
WC-2006,T-31,M-204
WC-2006,T-18,M-207
WC-2006,T-75,M-210
WC-2006,T-46,M-211
WC-2006,T-74,M-212
WC-2006,T-79,M-222
WC-2006,T-41,M-225
WC-2006,T-42,M-259
WC-2006,T-63,M-310
WC-2006,T-09,M-311
WC-2006,T-03,M-315
WC-2006,T-67,M-318
WC-2006,T-77,M-322
WC-2006,T-55,M-364
WC-2006,T-58,M-389
WC-2006,T-25,M-413
WC-2006,T-48,M-443
WC-2006,T-44,M-475
WC-2007,T-09,M-026
WC-2007,T-53,M-040
WC-2007,T-03,M-056
WC-2007,T-74,M-095
WC-2007,T-14,M-104
WC-2007,T-50,M-110
WC-2007,T-22,M-159
WC-2007,T-49,M-163
WC-2007,T-51,M-201
WC-2007,T-31,M-284
WC-2007,T-44,M-292
WC-2007,T-32,M-307
WC-2007,T-12,M-316
WC-2007,T-28,M-332
WC-2007,T-83,M-365
WC-2007,T-04,M-393
WC-2010,T-46,M-006
WC-2010,T-66,M-016
WC-2010,T-13,M-043
WC-2010,T-83,M-058
WC-2010,T-28,M-071
WC-2010,T-73,M-094
WC-2010,T-30,M-105
WC-2010,T-09,M-108
WC-2010,T-42,M-118
WC-2010,T-49,M-162
WC-2010,T-75,M-170
WC-2010,T-71,M-177
WC-2010,T-69,M-194
WC-2010,T-51,M-199
WC-2010,T-50,M-212
WC-2010,T-11,M-218
WC-2010,T-41,M-225
WC-2010,T-31,M-234
WC-2010,T-03,M-241
WC-2010,T-55,M-244
WC-2010,T-44,M-293
WC-2010,T-22,M-299
WC-2010,T-70,M-311
WC-2010,T-58,M-339
WC-2010,T-32,M-342
WC-2010,T-33,M-351
WC-2010,T-35,M-363
WC-2010,T-01,M-366
WC-2010,T-84,M-419
WC-2010,T-48,M-446
WC-2010,T-04,M-448
WC-2010,T-68,M-465
WC-2011,T-30,M-046
WC-2011,T-46,M-087
WC-2011,T-74,M-095
WC-2011,T-29,M-130
WC-2011,T-49,M-163
WC-2011,T-51,M-201
WC-2011,T-53,M-214
WC-2011,T-09,M-224
WC-2011,T-12,M-270
WC-2011,T-31,M-284
WC-2011,T-28,M-332
WC-2011,T-16,M-362
WC-2011,T-44,M-380
WC-2011,T-04,M-393
WC-2011,T-83,M-414
WC-2011,T-50,M-437
WC-2014,T-32,M-017
WC-2014,T-58,M-036
WC-2014,T-62,M-071
WC-2014,T-73,M-094
WC-2014,T-30,M-097
WC-2014,T-11,M-125
WC-2014,T-01,M-152
WC-2014,T-46,M-165
WC-2014,T-75,M-170
WC-2014,T-28,M-173
WC-2014,T-71,M-176
WC-2014,T-50,M-196
WC-2014,T-83,M-204
WC-2014,T-18,M-206
WC-2014,T-42,M-213
WC-2014,T-31,M-234
WC-2014,T-16,M-315
WC-2014,T-17,M-326
WC-2014,T-04,M-331
WC-2014,T-41,M-334
WC-2014,T-38,M-339
WC-2014,T-25,M-363
WC-2014,T-03,M-367
WC-2014,T-13,M-370
WC-2014,T-33,M-377
WC-2014,T-09,M-389
WC-2014,T-35,M-413
WC-2014,T-08,M-416
WC-2014,T-84,M-419
WC-2014,T-48,M-444
WC-2014,T-06,M-468
WC-2014,T-44,M-473
WC-2015,T-25,M-019
WC-2015,T-30,M-037
WC-2015,T-46,M-087
WC-2015,T-83,M-113
WC-2015,T-11,M-115
WC-2015,T-14,M-156
WC-2015,T-12,M-163
WC-2015,T-31,M-284
WC-2015,T-50,M-294
WC-2015,T-53,M-316
WC-2015,T-73,M-340
WC-2015,T-49,M-349
WC-2015,T-48,M-352
WC-2015,T-28,M-371
WC-2015,T-44,M-380
WC-2015,T-76,M-406
WC-2015,T-04,M-408
WC-2015,T-74,M-414
WC-2015,T-16,M-420
WC-2015,T-42,M-431
WC-2015,T-09,M-440
WC-2015,T-17,M-442
WC-2015,T-75,M-459
WC-2015,T-71,M-472
WC-2018,T-74,M-014
WC-2018,T-62,M-078
WC-2018,T-65,M-081
WC-2018,T-26,M-088
WC-2018,T-18,M-090
WC-2018,T-30,M-097
WC-2018,T-56,M-134
WC-2018,T-54,M-141
WC-2018,T-37,M-153
WC-2018,T-22,M-158
WC-2018,T-73,M-169
WC-2018,T-66,M-208
WC-2018,T-31,M-234
WC-2018,T-79,M-238
WC-2018,T-06,M-243
WC-2018,T-57,M-283
WC-2018,T-44,M-289
WC-2018,T-46,M-304
WC-2018,T-16,M-315
WC-2018,T-75,M-319
WC-2018,T-63,M-329
WC-2018,T-38,M-339
WC-2018,T-17,M-343
WC-2018,T-47,M-353
WC-2018,T-50,M-359
WC-2018,T-03,M-370
WC-2018,T-58,M-377
WC-2018,T-71,M-395
WC-2018,T-28,M-405
WC-2018,T-84,M-419
WC-2018,T-09,M-429
WC-2018,T-04,M-446
WC-2019,T-41,M-041
WC-2019,T-03,M-056
WC-2019,T-50,M-095
WC-2019,T-30,M-098
WC-2019,T-11,M-102
WC-2019,T-70,M-112
WC-2019,T-83,M-113
WC-2019,T-74,M-135
WC-2019,T-12,M-159
WC-2019,T-14,M-186
WC-2019,T-64,M-195
WC-2019,T-13,M-223
WC-2019,T-43,M-255
WC-2019,T-04,M-263
WC-2019,T-28,M-287
WC-2019,T-49,M-393
WC-2019,T-53,M-399
WC-2019,T-76,M-406
WC-2019,T-44,M-421
WC-2019,T-09,M-440
WC-2019,T-73,M-453
WC-2019,T-31,M-459
WC-2019,T-48,M-467
WC-2019,T-71,M-472
WC-2022,T-32,M-002
WC-2022,T-25,M-011
WC-2022,T-84,M-012
WC-2022,T-04,M-022
WC-2022,T-71,M-036
WC-2022,T-83,M-039
WC-2022,T-65,M-081
WC-2022,T-18,M-090
WC-2022,T-30,M-097
WC-2022,T-73,M-116
WC-2022,T-31,M-127
WC-2022,T-12,M-163
WC-2022,T-22,M-171
WC-2022,T-79,M-190
WC-2022,T-06,M-243
WC-2022,T-46,M-244
WC-2022,T-57,M-261
WC-2022,T-44,M-273
WC-2022,T-85,M-306
WC-2022,T-38,M-339
WC-2022,T-47,M-350
WC-2022,T-63,M-353
WC-2022,T-59,M-373
WC-2022,T-58,M-377
WC-2022,T-03,M-383
WC-2022,T-11,M-402
WC-2022,T-28,M-405
WC-2022,T-66,M-411
WC-2022,T-17,M-413
WC-2022,T-09,M-429
WC-2022,T-48,M-444
WC-2022,T-75,M-471
