penalty_kick_id,tournament_id,match_id,team_id,home_team,away_team,player_id,converted
PK-001,WC-1982,M-1982-50,T-86,1,0,P-68969,1
PK-002,WC-1982,M-1982-50,T-86,1,0,P-48686,1
PK-003,WC-1982,M-1982-50,T-86,1,0,P-45695,0
PK-004,WC-1982,M-1982-50,T-86,1,0,P-89975,1
PK-005,WC-1982,M-1982-50,T-86,1,0,P-59574,1
PK-006,WC-1982,M-1982-50,T-86,1,0,P-89949,1
PK-007,WC-1982,M-1982-50,T-30,0,1,P-79617,1
PK-008,WC-1982,M-1982-50,T-30,0,1,P-69834,1
PK-009,WC-1982,M-1982-50,T-30,0,1,P-99991,1
PK-010,WC-1982,M-1982-50,T-30,0,1,P-74565,0
PK-011,WC-1982,M-1982-50,T-30,0,1,P-08939,1
PK-012,WC-1982,M-1982-50,T-30,0,1,P-03719,0
PK-013,WC-1986,M-1986-45,T-09,1,0,P-78605,0
PK-014,WC-1986,M-1986-45,T-09,1,0,P-76896,1
PK-015,WC-1986,M-1986-45,T-09,1,0,P-37483,1
PK-016,WC-1986,M-1986-45,T-09,1,0,P-90842,1
PK-017,WC-1986,M-1986-45,T-09,1,0,P-05820,0
PK-018,WC-1986,M-1986-45,T-30,0,1,P-22982,1
PK-019,WC-1986,M-1986-45,T-30,0,1,P-69834,1
PK-020,WC-1986,M-1986-45,T-30,0,1,P-12716,1
PK-021,WC-1986,M-1986-45,T-30,0,1,P-08939,0
PK-022,WC-1986,M-1986-45,T-30,0,1,P-00643,1
PK-023,WC-1986,M-1986-46,T-86,1,0,P-95392,1
PK-024,WC-1986,M-1986-46,T-86,1,0,P-67713,1
PK-025,WC-1986,M-1986-46,T-86,1,0,P-49502,1
PK-026,WC-1986,M-1986-46,T-86,1,0,P-89975,1
PK-027,WC-1986,M-1986-46,T-46,0,1,P-66199,1
PK-028,WC-1986,M-1986-46,T-46,0,1,P-28996,0
PK-029,WC-1986,M-1986-46,T-46,0,1,P-89412,0
PK-030,WC-1986,M-1986-48,T-73,1,0,P-32414,1
PK-031,WC-1986,M-1986-48,T-73,1,0,P-74307,0
PK-032,WC-1986,M-1986-48,T-73,1,0,P-31693,1
PK-033,WC-1986,M-1986-48,T-73,1,0,P-12940,1
PK-034,WC-1986,M-1986-48,T-73,1,0,P-91970,1
PK-035,WC-1986,M-1986-48,T-06,0,1,P-47038,1
PK-036,WC-1986,M-1986-48,T-06,0,1,P-97414,1
PK-037,WC-1986,M-1986-48,T-06,0,1,P-93848,1
PK-038,WC-1986,M-1986-48,T-06,0,1,P-92384,1
PK-039,WC-1986,M-1986-48,T-06,0,1,P-43888,1
PK-040,WC-1990,M-1990-41,T-60,1,0,P-72379,1
PK-041,WC-1990,M-1990-41,T-60,1,0,P-95491,1
PK-042,WC-1990,M-1990-41,T-60,1,0,P-28854,1
PK-043,WC-1990,M-1990-41,T-60,1,0,P-94106,1
PK-044,WC-1990,M-1990-41,T-60,1,0,P-64796,1
PK-045,WC-1990,M-1990-41,T-61,0,1,P-30739,1
PK-046,WC-1990,M-1990-41,T-61,0,1,P-49988,1
PK-047,WC-1990,M-1990-41,T-61,0,1,P-23176,1
PK-048,WC-1990,M-1990-41,T-61,0,1,P-86528,1
PK-049,WC-1990,M-1990-41,T-61,0,1,P-40531,0
PK-050,WC-1990,M-1990-45,T-03,1,0,P-80379,1
PK-051,WC-1990,M-1990-45,T-03,1,0,P-95267,1
PK-052,WC-1990,M-1990-45,T-03,1,0,P-80404,0
PK-053,WC-1990,M-1990-45,T-03,1,0,P-30977,0
PK-054,WC-1990,M-1990-45,T-03,1,0,P-53936,1
PK-055,WC-1990,M-1990-45,T-87,0,1,P-93318,0
PK-056,WC-1990,M-1990-45,T-87,0,1,P-62861,1
PK-057,WC-1990,M-1990-45,T-87,0,1,P-18303,1
PK-058,WC-1990,M-1990-45,T-87,0,1,P-71107,0
PK-059,WC-1990,M-1990-45,T-87,0,1,P-85893,0
PK-060,WC-1990,M-1990-49,T-03,1,0,P-80379,1
PK-061,WC-1990,M-1990-49,T-03,1,0,P-95267,1
PK-062,WC-1990,M-1990-49,T-03,1,0,P-46907,1
PK-063,WC-1990,M-1990-49,T-03,1,0,P-80404,1
PK-064,WC-1990,M-1990-49,T-41,0,1,P-42920,1
PK-065,WC-1990,M-1990-49,T-41,0,1,P-78756,1
PK-066,WC-1990,M-1990-49,T-41,0,1,P-35719,1
PK-067,WC-1990,M-1990-49,T-41,0,1,P-38434,0
PK-068,WC-1990,M-1990-49,T-41,0,1,P-35253,0
PK-069,WC-1990,M-1990-50,T-86,1,0,P-67713,1
PK-070,WC-1990,M-1990-50,T-86,1,0,P-49502,1
PK-071,WC-1990,M-1990-50,T-86,1,0,P-43380,1
PK-072,WC-1990,M-1990-50,T-86,1,0,P-45408,1
PK-073,WC-1990,M-1990-50,T-28,0,1,P-36651,1
PK-074,WC-1990,M-1990-50,T-28,0,1,P-18335,1
PK-075,WC-1990,M-1990-50,T-28,0,1,P-34450,1
PK-076,WC-1990,M-1990-50,T-28,0,1,P-67307,0
PK-077,WC-1990,M-1990-50,T-28,0,1,P-19351,0
PK-078,WC-1994,M-1994-44,T-46,1,0,P-21495,0
PK-079,WC-1994,M-1994-44,T-46,1,0,P-40627,0
PK-080,WC-1994,M-1994-44,T-46,1,0,P-35042,0
PK-081,WC-1994,M-1994-44,T-46,1,0,P-78308,1
PK-082,WC-1994,M-1994-44,T-10,0,1,P-22562,0
PK-083,WC-1994,M-1994-44,T-10,0,1,P-67920,1
PK-084,WC-1994,M-1994-44,T-10,0,1,P-40793,1
PK-085,WC-1994,M-1994-44,T-10,0,1,P-19567,1
PK-086,WC-1994,M-1994-48,T-61,1,0,P-69340,1
PK-087,WC-1994,M-1994-48,T-61,1,0,P-30739,1
PK-088,WC-1994,M-1994-48,T-61,1,0,P-86528,1
PK-089,WC-1994,M-1994-48,T-61,1,0,P-12625,0
PK-090,WC-1994,M-1994-48,T-61,1,0,P-54322,1
PK-091,WC-1994,M-1994-48,T-61,1,0,P-43639,0
PK-092,WC-1994,M-1994-48,T-74,0,1,P-66178,0
PK-093,WC-1994,M-1994-48,T-74,0,1,P-60371,1
PK-094,WC-1994,M-1994-48,T-74,0,1,P-26281,1
PK-095,WC-1994,M-1994-48,T-74,0,1,P-21234,1
PK-096,WC-1994,M-1994-48,T-74,0,1,P-23360,1
PK-097,WC-1994,M-1994-48,T-74,0,1,P-42895,1
PK-098,WC-1994,M-1994-52,T-09,1,0,P-07679,0
PK-099,WC-1994,M-1994-52,T-09,1,0,P-61251,1
PK-100,WC-1994,M-1994-52,T-09,1,0,P-90842,1
PK-101,WC-1994,M-1994-52,T-09,1,0,P-32466,1
PK-102,WC-1994,M-1994-52,T-41,0,1,P-42920,0
PK-103,WC-1994,M-1994-52,T-41,0,1,P-87231,1
PK-104,WC-1994,M-1994-52,T-41,0,1,P-38178,1
PK-105,WC-1994,M-1994-52,T-41,0,1,P-31072,0
PK-106,WC-1994,M-1994-52,T-41,0,1,P-78756,0
PK-107,WC-1995,M-1995-22,T-74,1,0,P-97773,0
PK-108,WC-1995,M-1995-22,T-74,1,0,P-33270,1
PK-109,WC-1995,M-1995-22,T-74,1,0,P-90709,1
PK-110,WC-1995,M-1995-22,T-74,1,0,P-12441,1
PK-111,WC-1995,M-1995-22,T-74,1,0,P-82426,0
PK-112,WC-1995,M-1995-22,T-14,0,1,P-14903,1
PK-113,WC-1995,M-1995-22,T-14,0,1,P-46333,1
PK-114,WC-1995,M-1995-22,T-14,0,1,P-51755,1
PK-115,WC-1995,M-1995-22,T-14,0,1,P-70203,1
PK-116,WC-1995,M-1995-22,T-14,0,1,P-10128,0
PK-117,WC-1998,M-1998-56,T-03,1,0,P-70099,1
PK-118,WC-1998,M-1998-56,T-03,1,0,P-19888,0
PK-119,WC-1998,M-1998-56,T-03,1,0,P-62209,1
PK-120,WC-1998,M-1998-56,T-03,1,0,P-94002,1
PK-121,WC-1998,M-1998-56,T-03,1,0,P-83403,1
PK-122,WC-1998,M-1998-56,T-28,0,1,P-63416,1
PK-123,WC-1998,M-1998-56,T-28,0,1,P-15550,0
PK-124,WC-1998,M-1998-56,T-28,0,1,P-69168,1
PK-125,WC-1998,M-1998-56,T-28,0,1,P-51130,1
PK-126,WC-1998,M-1998-56,T-28,0,1,P-92367,0
PK-127,WC-1998,M-1998-57,T-41,1,0,P-78756,1
PK-128,WC-1998,M-1998-57,T-41,1,0,P-87231,0
PK-129,WC-1998,M-1998-57,T-41,1,0,P-36036,1
PK-130,WC-1998,M-1998-57,T-41,1,0,P-34670,1
PK-131,WC-1998,M-1998-57,T-41,1,0,P-42659,0
PK-132,WC-1998,M-1998-57,T-30,0,1,P-56430,1
PK-133,WC-1998,M-1998-57,T-30,0,1,P-56735,0
PK-134,WC-1998,M-1998-57,T-30,0,1,P-12167,1
PK-135,WC-1998,M-1998-57,T-30,0,1,P-51395,1
PK-136,WC-1998,M-1998-57,T-30,0,1,P-74952,1
PK-137,WC-1998,M-1998-61,T-09,1,0,P-62722,1
PK-138,WC-1998,M-1998-61,T-09,1,0,P-74261,1
PK-139,WC-1998,M-1998-61,T-09,1,0,P-52008,1
PK-140,WC-1998,M-1998-61,T-09,1,0,P-32466,1
PK-141,WC-1998,M-1998-61,T-48,0,1,P-32212,1
PK-142,WC-1998,M-1998-61,T-48,0,1,P-22409,1
PK-143,WC-1998,M-1998-61,T-48,0,1,P-42224,0
PK-144,WC-1998,M-1998-61,T-48,0,1,P-92804,0
PK-145,WC-1999,M-1999-31,T-09,1,0,P-26383,0
PK-146,WC-1999,M-1999-31,T-09,1,0,P-96106,1
PK-147,WC-1999,M-1999-31,T-09,1,0,P-90420,1
PK-148,WC-1999,M-1999-31,T-09,1,0,P-67574,1
PK-149,WC-1999,M-1999-31,T-09,1,0,P-09127,1
PK-150,WC-1999,M-1999-31,T-09,1,0,P-19610,1
PK-151,WC-1999,M-1999-31,T-53,0,1,P-84389,1
PK-152,WC-1999,M-1999-31,T-53,0,1,P-75121,1
PK-153,WC-1999,M-1999-31,T-53,0,1,P-31385,0
PK-154,WC-1999,M-1999-31,T-53,0,1,P-04956,1
PK-155,WC-1999,M-1999-31,T-53,0,1,P-70069,1
PK-156,WC-1999,M-1999-31,T-53,0,1,P-29915,0
PK-157,WC-1999,M-1999-32,T-83,1,0,P-56906,1
PK-158,WC-1999,M-1999-32,T-83,1,0,P-30345,1
PK-159,WC-1999,M-1999-32,T-83,1,0,P-25850,1
PK-160,WC-1999,M-1999-32,T-83,1,0,P-28901,1
PK-161,WC-1999,M-1999-32,T-83,1,0,P-99201,1
PK-162,WC-1999,M-1999-32,T-14,0,1,P-46333,1
PK-163,WC-1999,M-1999-32,T-14,0,1,P-84161,1
PK-164,WC-1999,M-1999-32,T-14,0,1,P-48897,0
PK-165,WC-1999,M-1999-32,T-14,0,1,P-70314,1
PK-166,WC-1999,M-1999-32,T-14,0,1,P-14903,1
PK-167,WC-2002,M-2002-52,T-73,1,0,P-35246,1
PK-168,WC-2002,M-2002-52,T-73,1,0,P-23800,1
PK-169,WC-2002,M-2002-52,T-73,1,0,P-29082,0
PK-170,WC-2002,M-2002-52,T-73,1,0,P-76612,0
PK-171,WC-2002,M-2002-52,T-73,1,0,P-37161,1
PK-172,WC-2002,M-2002-52,T-60,0,1,P-84878,1
PK-173,WC-2002,M-2002-52,T-60,0,1,P-00105,0
PK-174,WC-2002,M-2002-52,T-60,0,1,P-20792,0
PK-175,WC-2002,M-2002-52,T-60,0,1,P-32499,0
PK-176,WC-2002,M-2002-52,T-60,0,1,P-56778,1
PK-177,WC-2002,M-2002-59,T-73,1,0,P-35246,1
PK-178,WC-2002,M-2002-59,T-73,1,0,P-23800,1
PK-179,WC-2002,M-2002-59,T-73,1,0,P-29415,1
PK-180,WC-2002,M-2002-59,T-73,1,0,P-70144,0
PK-181,WC-2002,M-2002-59,T-71,0,1,P-15222,1
PK-182,WC-2002,M-2002-59,T-71,0,1,P-25724,1
PK-183,WC-2002,M-2002-59,T-71,0,1,P-56626,1
PK-184,WC-2002,M-2002-59,T-71,0,1,P-26616,1
PK-185,WC-2002,M-2002-59,T-71,0,1,P-55097,1
PK-186,WC-2006,M-2006-54,T-75,1,0,P-87221,0
PK-187,WC-2006,M-2006-54,T-75,1,0,P-97143,0
PK-188,WC-2006,M-2006-54,T-75,1,0,P-11817,0
PK-189,WC-2006,M-2006-54,T-81,0,1,P-86650,0
PK-190,WC-2006,M-2006-54,T-81,0,1,P-69073,1
PK-191,WC-2006,M-2006-54,T-81,0,1,P-56553,1
PK-192,WC-2006,M-2006-54,T-81,0,1,P-82307,1
PK-193,WC-2006,M-2006-57,T-31,1,0,P-55504,1
PK-194,WC-2006,M-2006-57,T-31,1,0,P-84003,1
PK-195,WC-2006,M-2006-57,T-31,1,0,P-36287,1
PK-196,WC-2006,M-2006-57,T-31,1,0,P-08154,1
PK-197,WC-2006,M-2006-57,T-03,0,1,P-38198,1
PK-198,WC-2006,M-2006-57,T-03,0,1,P-83403,0
PK-199,WC-2006,M-2006-57,T-03,0,1,P-33570,1
PK-200,WC-2006,M-2006-57,T-03,0,1,P-66229,0
PK-201,WC-2006,M-2006-59,T-28,1,0,P-65534,0
PK-202,WC-2006,M-2006-59,T-28,1,0,P-61216,1
PK-203,WC-2006,M-2006-59,T-28,1,0,P-62157,0
PK-204,WC-2006,M-2006-59,T-28,1,0,P-50944,0
PK-205,WC-2006,M-2006-59,T-58,0,1,P-32279,1
PK-206,WC-2006,M-2006-59,T-58,0,1,P-83823,0
PK-207,WC-2006,M-2006-59,T-58,0,1,P-92307,0
PK-208,WC-2006,M-2006-59,T-58,0,1,P-83900,1
PK-209,WC-2006,M-2006-59,T-58,0,1,P-70442,1
PK-210,WC-2006,M-2006-64,T-41,1,0,P-99537,1
PK-211,WC-2006,M-2006-64,T-41,1,0,P-37126,1
PK-212,WC-2006,M-2006-64,T-41,1,0,P-65802,1
PK-213,WC-2006,M-2006-64,T-41,1,0,P-83836,1
PK-214,WC-2006,M-2006-64,T-41,1,0,P-99473,1
PK-215,WC-2006,M-2006-64,T-30,0,1,P-00916,1
PK-216,WC-2006,M-2006-64,T-30,0,1,P-12167,0
PK-217,WC-2006,M-2006-64,T-30,0,1,P-04469,1
PK-218,WC-2006,M-2006-64,T-30,0,1,P-23315,1
PK-219,WC-2010,M-2010-55,T-55,1,0,P-44396,1
PK-220,WC-2010,M-2010-55,T-55,1,0,P-41357,1
PK-221,WC-2010,M-2010-55,T-55,1,0,P-78654,1
PK-222,WC-2010,M-2010-55,T-55,1,0,P-50699,1
PK-223,WC-2010,M-2010-55,T-55,1,0,P-30381,1
PK-224,WC-2010,M-2010-55,T-44,0,1,P-61292,1
PK-225,WC-2010,M-2010-55,T-44,0,1,P-91793,1
PK-226,WC-2010,M-2010-55,T-44,0,1,P-46091,0
PK-227,WC-2010,M-2010-55,T-44,0,1,P-33175,1
PK-228,WC-2010,M-2010-58,T-84,1,0,P-86087,1
PK-229,WC-2010,M-2010-58,T-84,1,0,P-92649,1
PK-230,WC-2010,M-2010-58,T-84,1,0,P-87316,1
PK-231,WC-2010,M-2010-58,T-84,1,0,P-41944,0
PK-232,WC-2010,M-2010-58,T-84,1,0,P-64372,1
PK-233,WC-2010,M-2010-58,T-32,0,1,P-38556,1
PK-234,WC-2010,M-2010-58,T-32,0,1,P-09728,1
PK-235,WC-2010,M-2010-58,T-32,0,1,P-29967,0
PK-236,WC-2010,M-2010-58,T-32,0,1,P-65216,0
PK-237,WC-2011,M-2011-25,T-28,1,0,P-12357,1
PK-238,WC-2011,M-2011-25,T-28,1,0,P-34666,1
PK-239,WC-2011,M-2011-25,T-28,1,0,P-77877,1
PK-240,WC-2011,M-2011-25,T-28,1,0,P-35919,0
PK-241,WC-2011,M-2011-25,T-28,1,0,P-81136,0
PK-242,WC-2011,M-2011-25,T-30,0,1,P-72635,0
PK-243,WC-2011,M-2011-25,T-30,0,1,P-81978,1
PK-244,WC-2011,M-2011-25,T-30,0,1,P-23859,1
PK-245,WC-2011,M-2011-25,T-30,0,1,P-25958,1
PK-246,WC-2011,M-2011-25,T-30,0,1,P-70239,1
PK-247,WC-2011,M-2011-28,T-09,1,0,P-93057,1
PK-248,WC-2011,M-2011-28,T-09,1,0,P-07458,1
PK-249,WC-2011,M-2011-28,T-09,1,0,P-25746,0
PK-250,WC-2011,M-2011-28,T-09,1,0,P-51448,1
PK-251,WC-2011,M-2011-28,T-83,0,1,P-92403,1
PK-252,WC-2011,M-2011-28,T-83,0,1,P-62104,1
PK-253,WC-2011,M-2011-28,T-83,0,1,P-89236,1
PK-254,WC-2011,M-2011-28,T-83,0,1,P-09273,1
PK-255,WC-2011,M-2011-28,T-83,0,1,P-45187,1
PK-256,WC-2011,M-2011-32,T-44,1,0,P-04310,1
PK-257,WC-2011,M-2011-32,T-44,1,0,P-20246,0
PK-258,WC-2011,M-2011-32,T-44,1,0,P-99210,1
PK-259,WC-2011,M-2011-32,T-44,1,0,P-90878,1
PK-260,WC-2011,M-2011-32,T-83,0,1,P-92403,0
PK-261,WC-2011,M-2011-32,T-83,0,1,P-62104,0
PK-262,WC-2011,M-2011-32,T-83,0,1,P-35525,0
PK-263,WC-2011,M-2011-32,T-83,0,1,P-89236,1
PK-264,WC-2014,M-2014-49,T-09,1,0,P-87449,1
PK-265,WC-2014,M-2014-49,T-09,1,0,P-62621,0
PK-266,WC-2014,M-2014-49,T-09,1,0,P-70650,1
PK-267,WC-2014,M-2014-49,T-09,1,0,P-86524,0
PK-268,WC-2014,M-2014-49,T-09,1,0,P-87008,1
PK-269,WC-2014,M-2014-49,T-13,0,1,P-89582,0
PK-270,WC-2014,M-2014-49,T-13,0,1,P-30014,0
PK-271,WC-2014,M-2014-49,T-13,0,1,P-22391,1
PK-272,WC-2014,M-2014-49,T-13,0,1,P-74494,1
PK-273,WC-2014,M-2014-49,T-13,0,1,P-21890,0
PK-274,WC-2014,M-2014-52,T-17,1,0,P-11767,1
PK-275,WC-2014,M-2014-52,T-17,1,0,P-99590,1
PK-276,WC-2014,M-2014-52,T-17,1,0,P-04808,1
PK-277,WC-2014,M-2014-52,T-17,1,0,P-70812,1
PK-278,WC-2014,M-2014-52,T-17,1,0,P-52458,1
PK-279,WC-2014,M-2014-52,T-33,0,1,P-97050,1
PK-280,WC-2014,M-2014-52,T-33,0,1,P-68693,1
PK-281,WC-2014,M-2014-52,T-33,0,1,P-59823,1
PK-282,WC-2014,M-2014-52,T-33,0,1,P-56893,0
PK-283,WC-2014,M-2014-60,T-48,1,0,P-99934,1
PK-284,WC-2014,M-2014-60,T-48,1,0,P-23705,1
PK-285,WC-2014,M-2014-60,T-48,1,0,P-51336,1
PK-286,WC-2014,M-2014-60,T-48,1,0,P-33312,1
PK-287,WC-2014,M-2014-60,T-17,0,1,P-11767,1
PK-288,WC-2014,M-2014-60,T-17,0,1,P-99590,0
PK-289,WC-2014,M-2014-60,T-17,0,1,P-04808,1
PK-290,WC-2014,M-2014-60,T-17,0,1,P-57722,1
PK-291,WC-2014,M-2014-60,T-17,0,1,P-52458,0
PK-292,WC-2014,M-2014-62,T-48,1,0,P-21798,0
PK-293,WC-2014,M-2014-62,T-48,1,0,P-23705,1
PK-294,WC-2014,M-2014-62,T-48,1,0,P-51336,0
PK-295,WC-2014,M-2014-62,T-48,1,0,P-33312,1
PK-296,WC-2014,M-2014-62,T-03,0,1,P-14758,1
PK-297,WC-2014,M-2014-62,T-03,0,1,P-61051,1
PK-298,WC-2014,M-2014-62,T-03,0,1,P-36870,1
PK-299,WC-2014,M-2014-62,T-03,0,1,P-33570,1
PK-300,WC-2015,M-2015-45,T-31,1,0,P-39260,1
PK-301,WC-2015,M-2015-45,T-31,1,0,P-47092,1
PK-302,WC-2015,M-2015-45,T-31,1,0,P-59869,1
PK-303,WC-2015,M-2015-45,T-31,1,0,P-84273,1
PK-304,WC-2015,M-2015-45,T-31,1,0,P-66612,1
PK-305,WC-2015,M-2015-45,T-30,0,1,P-23859,1
PK-306,WC-2015,M-2015-45,T-30,0,1,P-72635,1
PK-307,WC-2015,M-2015-45,T-30,0,1,P-63892,1
PK-308,WC-2015,M-2015-45,T-30,0,1,P-32017,1
PK-309,WC-2015,M-2015-45,T-30,0,1,P-13090,0
PK-310,WC-2018,M-2018-51,T-73,1,0,P-56330,1
PK-311,WC-2018,M-2018-51,T-73,1,0,P-64348,1
PK-312,WC-2018,M-2018-51,T-73,1,0,P-37294,0
PK-313,WC-2018,M-2018-51,T-73,1,0,P-89177,1
PK-314,WC-2018,M-2018-51,T-73,1,0,P-60554,0
PK-315,WC-2018,M-2018-51,T-62,0,1,P-18383,1
PK-316,WC-2018,M-2018-51,T-62,0,1,P-79763,1
PK-317,WC-2018,M-2018-51,T-62,0,1,P-22778,1
PK-318,WC-2018,M-2018-51,T-62,0,1,P-43675,1
PK-319,WC-2018,M-2018-52,T-18,1,0,P-77789,0
PK-320,WC-2018,M-2018-52,T-18,1,0,P-65182,1
PK-321,WC-2018,M-2018-52,T-18,1,0,P-29491,1
PK-322,WC-2018,M-2018-52,T-18,1,0,P-89420,0
PK-323,WC-2018,M-2018-52,T-18,1,0,P-65979,1
PK-324,WC-2018,M-2018-52,T-22,0,1,P-50104,0
PK-325,WC-2018,M-2018-52,T-22,0,1,P-14988,1
PK-326,WC-2018,M-2018-52,T-22,0,1,P-71525,1
PK-327,WC-2018,M-2018-52,T-22,0,1,P-60880,0
PK-328,WC-2018,M-2018-52,T-22,0,1,P-67216,0
PK-329,WC-2018,M-2018-56,T-16,1,0,P-74655,1
PK-330,WC-2018,M-2018-56,T-16,1,0,P-83216,1
PK-331,WC-2018,M-2018-56,T-16,1,0,P-16245,1
PK-332,WC-2018,M-2018-56,T-16,1,0,P-07807,0
PK-333,WC-2018,M-2018-56,T-16,1,0,P-12476,0
PK-334,WC-2018,M-2018-56,T-28,0,1,P-58924,1
PK-335,WC-2018,M-2018-56,T-28,0,1,P-59837,1
PK-336,WC-2018,M-2018-56,T-28,0,1,P-08169,0
PK-337,WC-2018,M-2018-56,T-28,0,1,P-25937,1
PK-338,WC-2018,M-2018-56,T-28,0,1,P-31219,1
PK-339,WC-2018,M-2018-60,T-62,1,0,P-18383,0
PK-340,WC-2018,M-2018-60,T-62,1,0,P-69896,1
PK-341,WC-2018,M-2018-60,T-62,1,0,P-17872,0
PK-342,WC-2018,M-2018-60,T-62,1,0,P-79763,1
PK-343,WC-2018,M-2018-60,T-62,1,0,P-17415,1
PK-344,WC-2018,M-2018-60,T-18,0,1,P-79215,1
PK-345,WC-2018,M-2018-60,T-18,0,1,P-07670,0
PK-346,WC-2018,M-2018-60,T-18,0,1,P-29491,1
PK-347,WC-2018,M-2018-60,T-18,0,1,P-91294,1
PK-348,WC-2018,M-2018-60,T-18,0,1,P-65979,1
PK-349,WC-2019,M-2019-38,T-53,1,0,P-22811,1
PK-350,WC-2019,M-2019-38,T-53,1,0,P-77652,1
PK-351,WC-2019,M-2019-38,T-53,1,0,P-74073,1
PK-352,WC-2019,M-2019-38,T-53,1,0,P-56682,1
PK-353,WC-2019,M-2019-38,T-04,0,1,P-76435,0
PK-354,WC-2019,M-2019-38,T-04,0,1,P-74493,0
PK-355,WC-2019,M-2019-38,T-04,0,1,P-28164,1
PK-356,WC-2022,M-2022-53,T-44,1,0,P-05559,0
PK-357,WC-2022,M-2022-53,T-44,1,0,P-22633,0
PK-358,WC-2022,M-2022-53,T-44,1,0,P-46913,1
PK-359,WC-2022,M-2022-53,T-44,1,0,P-89321,0
PK-360,WC-2022,M-2022-53,T-18,0,1,P-22160,1
PK-361,WC-2022,M-2022-53,T-18,0,1,P-79215,1
PK-362,WC-2022,M-2022-53,T-18,0,1,P-31643,0
PK-363,WC-2022,M-2022-53,T-18,0,1,P-89948,1
PK-364,WC-2022,M-2022-55,T-47,1,0,P-05265,1
PK-365,WC-2022,M-2022-55,T-47,1,0,P-70715,1
PK-366,WC-2022,M-2022-55,T-47,1,0,P-00597,0
PK-367,WC-2022,M-2022-55,T-47,1,0,P-45288,1
PK-368,WC-2022,M-2022-55,T-73,0,1,P-81427,0
PK-369,WC-2022,M-2022-55,T-73,0,1,P-30405,0
PK-370,WC-2022,M-2022-55,T-73,0,1,P-28010,0
PK-371,WC-2022,M-2022-57,T-18,1,0,P-22160,1
PK-372,WC-2022,M-2022-57,T-18,1,0,P-64353,1
PK-373,WC-2022,M-2022-57,T-18,1,0,P-29491,1
PK-374,WC-2022,M-2022-57,T-18,1,0,P-26942,1
PK-375,WC-2022,M-2022-57,T-09,0,1,P-06446,0
PK-376,WC-2022,M-2022-57,T-09,0,1,P-02305,1
PK-377,WC-2022,M-2022-57,T-09,0,1,P-15197,1
PK-378,WC-2022,M-2022-57,T-09,0,1,P-76060,0
PK-379,WC-2022,M-2022-58,T-48,1,0,P-56029,0
PK-380,WC-2022,M-2022-58,T-48,1,0,P-10326,0
PK-381,WC-2022,M-2022-58,T-48,1,0,P-35705,1
PK-382,WC-2022,M-2022-58,T-48,1,0,P-95036,1
PK-383,WC-2022,M-2022-58,T-48,1,0,P-64551,1
PK-384,WC-2022,M-2022-58,T-03,0,1,P-14758,1
PK-385,WC-2022,M-2022-58,T-03,0,1,P-27582,1
PK-386,WC-2022,M-2022-58,T-03,0,1,P-91431,1
PK-387,WC-2022,M-2022-58,T-03,0,1,P-10739,0
PK-388,WC-2022,M-2022-58,T-03,0,1,P-81505,1
PK-389,WC-2022,M-2022-64,T-03,1,0,P-14758,1
PK-390,WC-2022,M-2022-64,T-03,1,0,P-28151,1
PK-391,WC-2022,M-2022-64,T-03,1,0,P-27582,1
PK-392,WC-2022,M-2022-64,T-03,1,0,P-91431,1
PK-393,WC-2022,M-2022-64,T-30,0,1,P-64077,1
PK-394,WC-2022,M-2022-64,T-30,0,1,P-06614,0
PK-395,WC-2022,M-2022-64,T-30,0,1,P-54517,0
PK-396,WC-2022,M-2022-64,T-30,0,1,P-92987,1
