tournament_id,match_id,referee_id
WC-1930,M-1930-01,R-251
WC-1930,M-1930-02,R-260
WC-1930,M-1930-03,R-430
WC-1930,M-1930-04,R-472
WC-1930,M-1930-05,R-116
WC-1930,M-1930-06,R-091
WC-1930,M-1930-07,R-280
WC-1930,M-1930-08,R-260
WC-1930,M-1930-09,R-236
WC-1930,M-1930-10,R-430
WC-1930,M-1930-11,R-391
WC-1930,M-1930-12,R-039
WC-1930,M-1930-13,R-449
WC-1930,M-1930-14,R-116
WC-1930,M-1930-15,R-236
WC-1930,M-1930-16,R-236
WC-1930,M-1930-17,R-116
WC-1930,M-1930-18,R-236
WC-1934,M-1934-01,R-454
WC-1934,M-1934-02,R-236
WC-1934,M-1934-03,R-284
WC-1934,M-1934-04,R-041
WC-1934,M-1934-05,R-296
WC-1934,M-1934-06,R-056
WC-1934,M-1934-07,R-065
WC-1934,M-1934-08,R-135
WC-1934,M-1934-09,R-284
WC-1934,M-1934-10,R-054
WC-1934,M-1934-11,R-041
WC-1934,M-1934-12,R-034
WC-1934,M-1934-13,R-296
WC-1934,M-1934-14,R-041
WC-1934,M-1934-15,R-135
WC-1934,M-1934-16,R-082
WC-1934,M-1934-17,R-135
WC-1938,M-1938-01,R-236
WC-1938,M-1938-02,R-393
WC-1938,M-1938-03,R-483
WC-1938,M-1938-04,R-100
WC-1938,M-1938-05,R-054
WC-1938,M-1938-06,R-135
WC-1938,M-1938-07,R-241
WC-1938,M-1938-08,R-056
WC-1938,M-1938-09,R-135
WC-1938,M-1938-10,R-470
WC-1938,M-1938-11,R-041
WC-1938,M-1938-12,R-034
WC-1938,M-1938-13,R-226
WC-1938,M-1938-14,R-080
WC-1938,M-1938-15,R-241
WC-1938,M-1938-16,R-483
WC-1938,M-1938-17,R-236
WC-1938,M-1938-18,R-080
WC-1950,M-1950-01,R-365
WC-1950,M-1950-02,R-159
WC-1950,M-1950-03,R-451
WC-1950,M-1950-04,R-465
WC-1950,M-1950-05,R-258
WC-1950,M-1950-06,R-031
WC-1950,M-1950-07,R-240
WC-1950,M-1950-08,R-267
WC-1950,M-1950-09,R-114
WC-1950,M-1950-10,R-300
WC-1950,M-1950-11,R-179
WC-1950,M-1950-12,R-165
WC-1950,M-1950-13,R-159
WC-1950,M-1950-14,R-138
WC-1950,M-1950-15,R-365
WC-1950,M-1950-16,R-135
WC-1950,M-1950-17,R-138
WC-1950,M-1950-18,R-179
WC-1950,M-1950-19,R-240
WC-1950,M-1950-20,R-159
WC-1950,M-1950-21,R-451
WC-1950,M-1950-22,R-365
WC-1954,M-1954-01,R-484
WC-1954,M-1954-02,R-179
WC-1954,M-1954-03,R-152
WC-1954,M-1954-04,R-138
WC-1954,M-1954-05,R-465
WC-1954,M-1954-06,R-467
WC-1954,M-1954-07,R-107
WC-1954,M-1954-08,R-395
WC-1954,M-1954-09,R-326
WC-1954,M-1954-10,R-148
WC-1954,M-1954-11,R-420
WC-1954,M-1954-12,R-028
WC-1954,M-1954-13,R-248
WC-1954,M-1954-14,R-270
WC-1954,M-1954-15,R-421
WC-1954,M-1954-16,R-492
WC-1954,M-1954-17,R-467
WC-1954,M-1954-18,R-179
WC-1954,M-1954-19,R-148
WC-1954,M-1954-20,R-421
WC-1954,M-1954-21,R-138
WC-1954,M-1954-22,R-492
WC-1954,M-1954-23,R-179
WC-1954,M-1954-24,R-326
WC-1954,M-1954-25,R-484
WC-1954,M-1954-26,R-248
WC-1958,M-1958-01,R-245
WC-1958,M-1958-02,R-240
WC-1958,M-1958-03,R-399
WC-1958,M-1958-04,R-163
WC-1958,M-1958-05,R-484
WC-1958,M-1958-06,R-095
WC-1958,M-1958-07,R-183
WC-1958,M-1958-08,R-492
WC-1958,M-1958-09,R-009
WC-1958,M-1958-10,R-138
WC-1958,M-1958-11,R-326
WC-1958,M-1958-12,R-179
WC-1958,M-1958-13,R-242
WC-1958,M-1958-14,R-133
WC-1958,M-1958-15,R-210
WC-1958,M-1958-16,R-306
WC-1958,M-1958-17,R-455
WC-1958,M-1958-18,R-138
WC-1958,M-1958-19,R-079
WC-1958,M-1958-20,R-366
WC-1958,M-1958-21,R-262
WC-1958,M-1958-22,R-140
WC-1958,M-1958-23,R-183
WC-1958,M-1958-24,R-068
WC-1958,M-1958-25,R-183
WC-1958,M-1958-26,R-245
WC-1958,M-1958-27,R-133
WC-1958,M-1958-28,R-399
WC-1958,M-1958-29,R-163
WC-1958,M-1958-30,R-240
WC-1958,M-1958-31,R-484
WC-1958,M-1958-32,R-179
WC-1958,M-1958-33,R-492
WC-1958,M-1958-34,R-366
WC-1958,M-1958-35,R-183
WC-1962,M-1962-01,R-128
WC-1962,M-1962-02,R-030
WC-1962,M-1962-03,R-125
WC-1962,M-1962-04,R-163
WC-1962,M-1962-05,R-133
WC-1962,M-1962-06,R-115
WC-1962,M-1962-07,R-421
WC-1962,M-1962-08,R-195
WC-1962,M-1962-09,R-158
WC-1962,M-1962-10,R-030
WC-1962,M-1962-11,R-398
WC-1962,M-1962-12,R-245
WC-1962,M-1962-13,R-146
WC-1962,M-1962-14,R-195
WC-1962,M-1962-15,R-433
WC-1962,M-1962-16,R-163
WC-1962,M-1962-17,R-208
WC-1962,M-1962-18,R-115
WC-1962,M-1962-19,R-073
WC-1962,M-1962-20,R-486
WC-1962,M-1962-21,R-375
WC-1962,M-1962-22,R-245
WC-1962,M-1962-23,R-125
WC-1962,M-1962-24,R-059
WC-1962,M-1962-25,R-398
WC-1962,M-1962-26,R-195
WC-1962,M-1962-27,R-245
WC-1962,M-1962-28,R-486
WC-1962,M-1962-29,R-486
WC-1962,M-1962-30,R-125
WC-1962,M-1962-31,R-163
WC-1962,M-1962-32,R-245
WC-1966,M-1966-01,R-492
WC-1966,M-1966-02,R-344
WC-1966,M-1966-03,R-440
WC-1966,M-1966-04,R-163
WC-1966,M-1966-05,R-029
WC-1966,M-1966-06,R-385
WC-1966,M-1966-07,R-077
WC-1966,M-1966-08,R-125
WC-1966,M-1966-09,R-158
WC-1966,M-1966-10,R-036
WC-1966,M-1966-11,R-109
WC-1966,M-1966-12,R-214
WC-1966,M-1966-13,R-489
WC-1966,M-1966-14,R-095
WC-1966,M-1966-15,R-225
WC-1966,M-1966-16,R-250
WC-1966,M-1966-17,R-252
WC-1966,M-1966-18,R-079
WC-1966,M-1966-19,R-288
WC-1966,M-1966-20,R-398
WC-1966,M-1966-21,R-486
WC-1966,M-1966-22,R-271
WC-1966,M-1966-23,R-172
WC-1966,M-1966-24,R-003
WC-1966,M-1966-25,R-225
WC-1966,M-1966-26,R-029
WC-1966,M-1966-27,R-163
WC-1966,M-1966-28,R-150
WC-1966,M-1966-29,R-250
WC-1966,M-1966-30,R-398
WC-1966,M-1966-31,R-109
WC-1966,M-1966-32,R-125
WC-1970,M-1970-01,R-440
WC-1970,M-1970-02,R-115
WC-1970,M-1970-03,R-254
WC-1970,M-1970-04,R-392
WC-1970,M-1970-05,R-358
WC-1970,M-1970-06,R-429
WC-1970,M-1970-07,R-043
WC-1970,M-1970-08,R-456
WC-1970,M-1970-09,R-394
WC-1970,M-1970-10,R-171
WC-1970,M-1970-11,R-118
WC-1970,M-1970-12,R-036
WC-1970,M-1970-13,R-214
WC-1970,M-1970-14,R-427
WC-1970,M-1970-15,R-223
WC-1970,M-1970-16,R-329
WC-1970,M-1970-17,R-194
WC-1970,M-1970-18,R-234
WC-1970,M-1970-19,R-274
WC-1970,M-1970-20,R-008
WC-1970,M-1970-21,R-319
WC-1970,M-1970-22,R-466
WC-1970,M-1970-23,R-259
WC-1970,M-1970-24,R-371
WC-1970,M-1970-25,R-254
WC-1970,M-1970-26,R-394
WC-1970,M-1970-27,R-456
WC-1970,M-1970-28,R-319
WC-1970,M-1970-29,R-329
WC-1970,M-1970-30,R-486
WC-1970,M-1970-31,R-392
WC-1970,M-1970-32,R-171
WC-1974,M-1974-01,R-394
WC-1974,M-1974-02,R-032
WC-1974,M-1974-03,R-309
WC-1974,M-1974-04,R-397
WC-1974,M-1974-05,R-340
WC-1974,M-1974-06,R-334
WC-1974,M-1974-07,R-249
WC-1974,M-1974-08,R-434
WC-1974,M-1974-09,R-308
WC-1974,M-1974-10,R-023
WC-1974,M-1974-11,R-452
WC-1974,M-1974-12,R-119
WC-1974,M-1974-13,R-429
WC-1974,M-1974-14,R-478
WC-1974,M-1974-15,R-218
WC-1974,M-1974-16,R-424
WC-1974,M-1974-17,R-311
WC-1974,M-1974-18,R-177
WC-1974,M-1974-19,R-360
WC-1974,M-1974-20,R-043
WC-1974,M-1974-21,R-061
WC-1974,M-1974-22,R-247
WC-1974,M-1974-23,R-389
WC-1974,M-1974-24,R-475
WC-1974,M-1974-25,R-271
WC-1974,M-1974-26,R-434
WC-1974,M-1974-27,R-115
WC-1974,M-1974-28,R-043
WC-1974,M-1974-29,R-254
WC-1974,M-1974-30,R-394
WC-1974,M-1974-31,R-171
WC-1974,M-1974-32,R-218
WC-1974,M-1974-33,R-247
WC-1974,M-1974-34,R-429
WC-1974,M-1974-35,R-440
WC-1974,M-1974-36,R-341
WC-1974,M-1974-37,R-023
WC-1974,M-1974-38,R-429
WC-1978,M-1978-01,R-319
WC-1978,M-1978-02,R-360
WC-1978,M-1978-03,R-178
WC-1978,M-1978-04,R-166
WC-1978,M-1978-05,R-334
WC-1978,M-1978-06,R-434
WC-1978,M-1978-07,R-177
WC-1978,M-1978-08,R-142
WC-1978,M-1978-09,R-043
WC-1978,M-1978-10,R-276
WC-1978,M-1978-11,R-064
WC-1978,M-1978-12,R-131
WC-1978,M-1978-13,R-103
WC-1978,M-1978-14,R-174
WC-1978,M-1978-15,R-353
WC-1978,M-1978-16,R-309
WC-1978,M-1978-17,R-097
WC-1978,M-1978-18,R-311
WC-1978,M-1978-19,R-181
WC-1978,M-1978-20,R-223
WC-1978,M-1978-21,R-482
WC-1978,M-1978-22,R-057
WC-1978,M-1978-23,R-207
WC-1978,M-1978-24,R-247
WC-1978,M-1978-25,R-178
WC-1978,M-1978-26,R-266
WC-1978,M-1978-27,R-360
WC-1978,M-1978-28,R-142
WC-1978,M-1978-29,R-336
WC-1978,M-1978-30,R-373
WC-1978,M-1978-31,R-043
WC-1978,M-1978-32,R-334
WC-1978,M-1978-33,R-223
WC-1978,M-1978-34,R-276
WC-1978,M-1978-35,R-408
WC-1978,M-1978-36,R-482
WC-1978,M-1978-37,R-223
WC-1978,M-1978-38,R-174
WC-1982,M-1982-01,R-092
WC-1982,M-1982-02,R-459
WC-1982,M-1982-03,R-232
WC-1982,M-1982-04,R-479
WC-1982,M-1982-05,R-010
WC-1982,M-1982-06,R-415
WC-1982,M-1982-07,R-230
WC-1982,M-1982-08,R-166
WC-1982,M-1982-09,R-203
WC-1982,M-1982-10,R-081
WC-1982,M-1982-11,R-134
WC-1982,M-1982-12,R-154
WC-1982,M-1982-13,R-143
WC-1982,M-1982-14,R-231
WC-1982,M-1982-15,R-337
WC-1982,M-1982-16,R-348
WC-1982,M-1982-17,R-302
WC-1982,M-1982-18,R-017
WC-1982,M-1982-19,R-160
WC-1982,M-1982-20,R-103
WC-1982,M-1982-21,R-257
WC-1982,M-1982-22,R-061
WC-1982,M-1982-23,R-423
WC-1982,M-1982-24,R-089
WC-1982,M-1982-25,R-460
WC-1982,M-1982-26,R-476
WC-1982,M-1982-27,R-360
WC-1982,M-1982-28,R-129
WC-1982,M-1982-29,R-042
WC-1982,M-1982-30,R-283
WC-1982,M-1982-31,R-295
WC-1982,M-1982-32,R-084
WC-1982,M-1982-33,R-086
WC-1982,M-1982-34,R-447
WC-1982,M-1982-35,R-026
WC-1982,M-1982-36,R-328
WC-1982,M-1982-37,R-334
WC-1982,M-1982-38,R-337
WC-1982,M-1982-39,R-360
WC-1982,M-1982-40,R-097
WC-1982,M-1982-41,R-353
WC-1982,M-1982-42,R-459
WC-1982,M-1982-43,R-460
WC-1982,M-1982-44,R-084
WC-1982,M-1982-45,R-207
WC-1982,M-1982-46,R-447
WC-1982,M-1982-47,R-223
WC-1982,M-1982-48,R-348
WC-1982,M-1982-49,R-081
WC-1982,M-1982-50,R-103
WC-1982,M-1982-51,R-166
WC-1982,M-1982-52,R-097
WC-1986,M-1986-01,R-154
WC-1986,M-1986-02,R-040
WC-1986,M-1986-03,R-406
WC-1986,M-1986-04,R-388
WC-1986,M-1986-05,R-006
WC-1986,M-1986-06,R-278
WC-1986,M-1986-07,R-145
WC-1986,M-1986-08,R-074
WC-1986,M-1986-09,R-382
WC-1986,M-1986-10,R-345
WC-1986,M-1986-11,R-092
WC-1986,M-1986-12,R-313
WC-1986,M-1986-13,R-220
WC-1986,M-1986-14,R-027
WC-1986,M-1986-15,R-014
WC-1986,M-1986-16,R-015
WC-1986,M-1986-17,R-295
WC-1986,M-1986-18,R-176
WC-1986,M-1986-19,R-105
WC-1986,M-1986-20,R-069
WC-1986,M-1986-21,R-055
WC-1986,M-1986-22,R-122
WC-1986,M-1986-23,R-198
WC-1986,M-1986-24,R-272
WC-1986,M-1986-25,R-407
WC-1986,M-1986-26,R-439
WC-1986,M-1986-27,R-442
WC-1986,M-1986-28,R-415
WC-1986,M-1986-29,R-343
WC-1986,M-1986-30,R-129
WC-1986,M-1986-31,R-110
WC-1986,M-1986-32,R-414
WC-1986,M-1986-33,R-426
WC-1986,M-1986-34,R-222
WC-1986,M-1986-35,R-348
WC-1986,M-1986-36,R-357
WC-1986,M-1986-37,R-027
WC-1986,M-1986-38,R-154
WC-1986,M-1986-39,R-382
WC-1986,M-1986-40,R-006
WC-1986,M-1986-41,R-145
WC-1986,M-1986-42,R-343
WC-1986,M-1986-43,R-015
WC-1986,M-1986-44,R-220
WC-1986,M-1986-45,R-198
WC-1986,M-1986-46,R-122
WC-1986,M-1986-47,R-055
WC-1986,M-1986-48,R-222
WC-1986,M-1986-49,R-006
WC-1986,M-1986-50,R-272
WC-1986,M-1986-51,R-105
WC-1986,M-1986-52,R-027
WC-1990,M-1990-01,R-459
WC-1990,M-1990-02,R-081
WC-1990,M-1990-03,R-105
WC-1990,M-1990-04,R-481
WC-1990,M-1990-05,R-383
WC-1990,M-1990-06,R-235
WC-1990,M-1990-07,R-299
WC-1990,M-1990-08,R-255
WC-1990,M-1990-09,R-396
WC-1990,M-1990-10,R-286
WC-1990,M-1990-11,R-416
WC-1990,M-1990-12,R-224
WC-1990,M-1990-13,R-154
WC-1990,M-1990-14,R-406
WC-1990,M-1990-15,R-006
WC-1990,M-1990-16,R-094
WC-1990,M-1990-17,R-413
WC-1990,M-1990-18,R-417
WC-1990,M-1990-19,R-211
WC-1990,M-1990-20,R-261
WC-1990,M-1990-21,R-343
WC-1990,M-1990-22,R-453
WC-1990,M-1990-23,R-222
WC-1990,M-1990-24,R-206
WC-1990,M-1990-25,R-407
WC-1990,M-1990-26,R-481
WC-1990,M-1990-27,R-414
WC-1990,M-1990-28,R-426
WC-1990,M-1990-29,R-015
WC-1990,M-1990-30,R-357
WC-1990,M-1990-31,R-224
WC-1990,M-1990-32,R-343
WC-1990,M-1990-33,R-255
WC-1990,M-1990-34,R-235
WC-1990,M-1990-35,R-383
WC-1990,M-1990-36,R-459
WC-1990,M-1990-37,R-235
WC-1990,M-1990-38,R-222
WC-1990,M-1990-39,R-357
WC-1990,M-1990-40,R-255
WC-1990,M-1990-41,R-481
WC-1990,M-1990-42,R-105
WC-1990,M-1990-43,R-396
WC-1990,M-1990-44,R-299
WC-1990,M-1990-45,R-383
WC-1990,M-1990-46,R-407
WC-1990,M-1990-47,R-224
WC-1990,M-1990-48,R-094
WC-1990,M-1990-49,R-459
WC-1990,M-1990-50,R-481
WC-1990,M-1990-51,R-357
WC-1990,M-1990-52,R-094
WC-1991,M-1991-01,R-200
WC-1991,M-1991-02,R-378
WC-1991,M-1991-03,R-488
WC-1991,M-1991-04,R-256
WC-1991,M-1991-05,R-435
WC-1991,M-1991-06,R-062
WC-1991,M-1991-07,R-200
WC-1991,M-1991-08,R-289
WC-1991,M-1991-09,R-316
WC-1991,M-1991-10,R-491
WC-1991,M-1991-11,R-402
WC-1991,M-1991-12,R-062
WC-1991,M-1991-13,R-256
WC-1991,M-1991-14,R-435
WC-1991,M-1991-15,R-402
WC-1991,M-1991-16,R-491
WC-1991,M-1991-17,R-378
WC-1991,M-1991-18,R-289
WC-1991,M-1991-19,R-316
WC-1991,M-1991-20,R-435
WC-1991,M-1991-21,R-378
WC-1991,M-1991-22,R-488
WC-1991,M-1991-23,R-289
WC-1991,M-1991-24,R-200
WC-1991,M-1991-25,R-457
WC-1991,M-1991-26,R-491
WC-1994,M-1994-01,R-067
WC-1994,M-1994-02,R-299
WC-1994,M-1994-03,R-233
WC-1994,M-1994-04,R-450
WC-1994,M-1994-05,R-015
WC-1994,M-1994-06,R-436
WC-1994,M-1994-07,R-354
WC-1994,M-1994-08,R-431
WC-1994,M-1994-09,R-246
WC-1994,M-1994-10,R-123
WC-1994,M-1994-11,R-022
WC-1994,M-1994-12,R-087
WC-1994,M-1994-13,R-033
WC-1994,M-1994-14,R-211
WC-1994,M-1994-15,R-037
WC-1994,M-1994-16,R-227
WC-1994,M-1994-17,R-305
WC-1994,M-1994-18,R-383
WC-1994,M-1994-19,R-067
WC-1994,M-1994-20,R-357
WC-1994,M-1994-21,R-275
WC-1994,M-1994-22,R-127
WC-1994,M-1994-23,R-216
WC-1994,M-1994-24,R-071
WC-1994,M-1994-25,R-299
WC-1994,M-1994-26,R-450
WC-1994,M-1994-27,R-033
WC-1994,M-1994-28,R-357
WC-1994,M-1994-29,R-233
WC-1994,M-1994-30,R-436
WC-1994,M-1994-31,R-015
WC-1994,M-1994-32,R-354
WC-1994,M-1994-33,R-227
WC-1994,M-1994-34,R-431
WC-1994,M-1994-35,R-211
WC-1994,M-1994-36,R-305
WC-1994,M-1994-37,R-383
WC-1994,M-1994-38,R-450
WC-1994,M-1994-39,R-275
WC-1994,M-1994-40,R-332
WC-1994,M-1994-41,R-299
WC-1994,M-1994-42,R-357
WC-1994,M-1994-43,R-067
WC-1994,M-1994-44,R-015
WC-1994,M-1994-45,R-354
WC-1994,M-1994-46,R-033
WC-1994,M-1994-47,R-436
WC-1994,M-1994-48,R-127
WC-1994,M-1994-49,R-357
WC-1994,M-1994-50,R-436
WC-1994,M-1994-51,R-071
WC-1994,M-1994-52,R-354
WC-1995,M-1995-01,R-281
WC-1995,M-1995-02,R-120
WC-1995,M-1995-03,R-321
WC-1995,M-1995-04,R-187
WC-1995,M-1995-05,R-411
WC-1995,M-1995-06,R-209
WC-1995,M-1995-07,R-191
WC-1995,M-1995-08,R-058
WC-1995,M-1995-09,R-444
WC-1995,M-1995-10,R-161
WC-1995,M-1995-11,R-410
WC-1995,M-1995-12,R-078
WC-1995,M-1995-13,R-187
WC-1995,M-1995-14,R-281
WC-1995,M-1995-15,R-209
WC-1995,M-1995-16,R-410
WC-1995,M-1995-17,R-161
WC-1995,M-1995-18,R-444
WC-1995,M-1995-19,R-161
WC-1995,M-1995-20,R-444
WC-1995,M-1995-21,R-411
WC-1995,M-1995-22,R-120
WC-1995,M-1995-23,R-187
WC-1995,M-1995-24,R-281
WC-1995,M-1995-25,R-120
WC-1995,M-1995-26,R-209
WC-1998,M-1998-01,R-164
WC-1998,M-1998-02,R-444
WC-1998,M-1998-03,R-063
WC-1998,M-1998-04,R-175
WC-1998,M-1998-05,R-359
WC-1998,M-1998-06,R-085
WC-1998,M-1998-07,R-369
WC-1998,M-1998-08,R-035
WC-1998,M-1998-09,R-051
WC-1998,M-1998-10,R-098
WC-1998,M-1998-11,R-450
WC-1998,M-1998-12,R-431
WC-1998,M-1998-13,R-294
WC-1998,M-1998-14,R-324
WC-1998,M-1998-15,R-246
WC-1998,M-1998-16,R-050
WC-1998,M-1998-17,R-446
WC-1998,M-1998-18,R-245
WC-1998,M-1998-19,R-012
WC-1998,M-1998-20,R-244
WC-1998,M-1998-21,R-435
WC-1998,M-1998-22,R-067
WC-1998,M-1998-23,R-390
WC-1998,M-1998-24,R-290
WC-1998,M-1998-25,R-361
WC-1998,M-1998-26,R-111
WC-1998,M-1998-27,R-480
WC-1998,M-1998-28,R-315
WC-1998,M-1998-29,R-339
WC-1998,M-1998-30,R-292
WC-1998,M-1998-31,R-193
WC-1998,M-1998-32,R-046
WC-1998,M-1998-33,R-446
WC-1998,M-1998-34,R-132
WC-1998,M-1998-35,R-035
WC-1998,M-1998-36,R-071
WC-1998,M-1998-37,R-098
WC-1998,M-1998-38,R-390
WC-1998,M-1998-39,R-444
WC-1998,M-1998-40,R-450
WC-1998,M-1998-41,R-369
WC-1998,M-1998-42,R-359
WC-1998,M-1998-43,R-175
WC-1998,M-1998-44,R-012
WC-1998,M-1998-45,R-050
WC-1998,M-1998-46,R-051
WC-1998,M-1998-47,R-067
WC-1998,M-1998-48,R-244
WC-1998,M-1998-49,R-193
WC-1998,M-1998-50,R-046
WC-1998,M-1998-51,R-071
WC-1998,M-1998-52,R-292
WC-1998,M-1998-53,R-294
WC-1998,M-1998-54,R-164
WC-1998,M-1998-55,R-085
WC-1998,M-1998-56,R-315
WC-1998,M-1998-57,R-111
WC-1998,M-1998-58,R-012
WC-1998,M-1998-59,R-067
WC-1998,M-1998-60,R-339
WC-1998,M-1998-61,R-071
WC-1998,M-1998-62,R-164
WC-1998,M-1998-63,R-175
WC-1998,M-1998-64,R-050
WC-1999,M-1999-01,R-120
WC-1999,M-1999-02,R-438
WC-1999,M-1999-03,R-342
WC-1999,M-1999-04,R-410
WC-1999,M-1999-05,R-002
WC-1999,M-1999-06,R-493
WC-1999,M-1999-07,R-139
WC-1999,M-1999-08,R-400
WC-1999,M-1999-09,R-196
WC-1999,M-1999-10,R-322
WC-1999,M-1999-11,R-168
WC-1999,M-1999-12,R-184
WC-1999,M-1999-13,R-314
WC-1999,M-1999-14,R-335
WC-1999,M-1999-15,R-342
WC-1999,M-1999-16,R-199
WC-1999,M-1999-17,R-493
WC-1999,M-1999-18,R-196
WC-1999,M-1999-19,R-120
WC-1999,M-1999-20,R-101
WC-1999,M-1999-21,R-199
WC-1999,M-1999-22,R-410
WC-1999,M-1999-23,R-002
WC-1999,M-1999-24,R-139
WC-1999,M-1999-25,R-342
WC-1999,M-1999-26,R-199
WC-1999,M-1999-27,R-335
WC-1999,M-1999-28,R-438
WC-1999,M-1999-29,R-139
WC-1999,M-1999-30,R-120
WC-1999,M-1999-31,R-199
WC-1999,M-1999-32,R-342
WC-2002,M-2002-01,R-071
WC-2002,M-2002-02,R-212
WC-2002,M-2002-03,R-268
WC-2002,M-2002-04,R-024
WC-2002,M-2002-05,R-461
WC-2002,M-2002-06,R-298
WC-2002,M-2002-07,R-409
WC-2002,M-2002-08,R-182
WC-2002,M-2002-09,R-256
WC-2002,M-2002-10,R-221
WC-2002,M-2002-11,R-186
WC-2002,M-2002-12,R-458
WC-2002,M-2002-13,R-285
WC-2002,M-2002-14,R-384
WC-2002,M-2002-15,R-351
WC-2002,M-2002-16,R-304
WC-2002,M-2002-17,R-315
WC-2002,M-2002-18,R-045
WC-2002,M-2002-19,R-189
WC-2002,M-2002-20,R-363
WC-2002,M-2002-21,R-330
WC-2002,M-2002-22,R-012
WC-2002,M-2002-23,R-098
WC-2002,M-2002-24,R-387
WC-2002,M-2002-25,R-347
WC-2002,M-2002-26,R-155
WC-2002,M-2002-27,R-108
WC-2002,M-2002-28,R-096
WC-2002,M-2002-29,R-297
WC-2002,M-2002-30,R-292
WC-2002,M-2002-31,R-401
WC-2002,M-2002-32,R-111
WC-2002,M-2002-33,R-294
WC-2002,M-2002-34,R-474
WC-2002,M-2002-35,R-253
WC-2002,M-2002-36,R-310
WC-2002,M-2002-37,R-186
WC-2002,M-2002-38,R-071
WC-2002,M-2002-39,R-363
WC-2002,M-2002-40,R-268
WC-2002,M-2002-41,R-012
WC-2002,M-2002-42,R-384
WC-2002,M-2002-43,R-285
WC-2002,M-2002-44,R-409
WC-2002,M-2002-45,R-315
WC-2002,M-2002-46,R-461
WC-2002,M-2002-47,R-256
WC-2002,M-2002-48,R-387
WC-2002,M-2002-49,R-045
WC-2002,M-2002-50,R-297
WC-2002,M-2002-51,R-024
WC-2002,M-2002-52,R-155
WC-2002,M-2002-53,R-294
WC-2002,M-2002-54,R-351
WC-2002,M-2002-55,R-098
WC-2002,M-2002-56,R-304
WC-2002,M-2002-57,R-363
WC-2002,M-2002-58,R-111
WC-2002,M-2002-59,R-012
WC-2002,M-2002-60,R-384
WC-2002,M-2002-61,R-292
WC-2002,M-2002-62,R-315
WC-2002,M-2002-63,R-268
WC-2002,M-2002-64,R-098
WC-2003,M-2003-01,R-400
WC-2003,M-2003-02,R-342
WC-2003,M-2003-03,R-199
WC-2003,M-2003-04,R-139
WC-2003,M-2003-05,R-490
WC-2003,M-2003-06,R-322
WC-2003,M-2003-07,R-002
WC-2003,M-2003-08,R-120
WC-2003,M-2003-09,R-005
WC-2003,M-2003-10,R-437
WC-2003,M-2003-11,R-490
WC-2003,M-2003-12,R-342
WC-2003,M-2003-13,R-400
WC-2003,M-2003-14,R-322
WC-2003,M-2003-15,R-139
WC-2003,M-2003-16,R-380
WC-2003,M-2003-17,R-201
WC-2003,M-2003-18,R-322
WC-2003,M-2003-19,R-002
WC-2003,M-2003-20,R-199
WC-2003,M-2003-21,R-120
WC-2003,M-2003-22,R-437
WC-2003,M-2003-23,R-005
WC-2003,M-2003-24,R-380
WC-2003,M-2003-25,R-490
WC-2003,M-2003-26,R-342
WC-2003,M-2003-27,R-199
WC-2003,M-2003-28,R-400
WC-2003,M-2003-29,R-120
WC-2003,M-2003-30,R-139
WC-2003,M-2003-31,R-322
WC-2003,M-2003-32,R-201
WC-2006,M-2006-01,R-137
WC-2006,M-2006-02,R-212
WC-2006,M-2006-03,R-377
WC-2006,M-2006-04,R-263
WC-2006,M-2006-05,R-117
WC-2006,M-2006-06,R-297
WC-2006,M-2006-07,R-381
WC-2006,M-2006-08,R-238
WC-2006,M-2006-09,R-001
WC-2006,M-2006-10,R-021
WC-2006,M-2006-11,R-409
WC-2006,M-2006-12,R-347
WC-2006,M-2006-13,R-204
WC-2006,M-2006-14,R-025
WC-2006,M-2006-15,R-072
WC-2006,M-2006-16,R-401
WC-2006,M-2006-17,R-291
WC-2006,M-2006-18,R-096
WC-2006,M-2006-19,R-212
WC-2006,M-2006-20,R-298
WC-2006,M-2006-21,R-381
WC-2006,M-2006-22,R-384
WC-2006,M-2006-23,R-263
WC-2006,M-2006-24,R-349
WC-2006,M-2006-25,R-137
WC-2006,M-2006-26,R-238
WC-2006,M-2006-27,R-117
WC-2006,M-2006-28,R-297
WC-2006,M-2006-29,R-025
WC-2006,M-2006-30,R-021
WC-2006,M-2006-31,R-347
WC-2006,M-2006-32,R-409
WC-2006,M-2006-33,R-263
WC-2006,M-2006-34,R-204
WC-2006,M-2006-35,R-381
WC-2006,M-2006-36,R-072
WC-2006,M-2006-37,R-401
WC-2006,M-2006-38,R-298
WC-2006,M-2006-39,R-377
WC-2006,M-2006-40,R-291
WC-2006,M-2006-41,R-025
WC-2006,M-2006-42,R-297
WC-2006,M-2006-43,R-347
WC-2006,M-2006-44,R-349
WC-2006,M-2006-45,R-096
WC-2006,M-2006-46,R-021
WC-2006,M-2006-47,R-137
WC-2006,M-2006-48,R-238
WC-2006,M-2006-49,R-409
WC-2006,M-2006-50,R-072
WC-2006,M-2006-51,R-117
WC-2006,M-2006-52,R-204
WC-2006,M-2006-53,R-291
WC-2006,M-2006-54,R-025
WC-2006,M-2006-55,R-298
WC-2006,M-2006-56,R-381
WC-2006,M-2006-57,R-298
WC-2006,M-2006-58,R-117
WC-2006,M-2006-59,R-137
WC-2006,M-2006-60,R-291
WC-2006,M-2006-61,R-025
WC-2006,M-2006-62,R-238
WC-2006,M-2006-63,R-212
WC-2006,M-2006-64,R-137
WC-2007,M-2007-01,R-322
WC-2007,M-2007-02,R-342
WC-2007,M-2007-03,R-400
WC-2007,M-2007-04,R-318
WC-2007,M-2007-05,R-102
WC-2007,M-2007-06,R-213
WC-2007,M-2007-07,R-049
WC-2007,M-2007-08,R-149
WC-2007,M-2007-09,R-112
WC-2007,M-2007-10,R-157
WC-2007,M-2007-11,R-333
WC-2007,M-2007-12,R-322
WC-2007,M-2007-13,R-342
WC-2007,M-2007-14,R-323
WC-2007,M-2007-15,R-318
WC-2007,M-2007-16,R-052
WC-2007,M-2007-17,R-149
WC-2007,M-2007-18,R-102
WC-2007,M-2007-19,R-323
WC-2007,M-2007-20,R-049
WC-2007,M-2007-21,R-157
WC-2007,M-2007-22,R-052
WC-2007,M-2007-23,R-400
WC-2007,M-2007-24,R-112
WC-2007,M-2007-25,R-322
WC-2007,M-2007-26,R-333
WC-2007,M-2007-27,R-157
WC-2007,M-2007-28,R-049
WC-2007,M-2007-29,R-112
WC-2007,M-2007-30,R-342
WC-2007,M-2007-31,R-157
WC-2007,M-2007-32,R-322
WC-2010,M-2010-01,R-202
WC-2010,M-2010-02,R-317
WC-2010,M-2010-03,R-192
WC-2010,M-2010-04,R-418
WC-2010,M-2010-05,R-409
WC-2010,M-2010-06,R-045
WC-2010,M-2010-07,R-038
WC-2010,M-2010-08,R-377
WC-2010,M-2010-09,R-237
WC-2010,M-2010-10,R-053
WC-2010,M-2010-11,R-025
WC-2010,M-2010-12,R-113
WC-2010,M-2010-13,R-238
WC-2010,M-2010-14,R-217
WC-2010,M-2010-15,R-264
WC-2010,M-2010-16,R-473
WC-2010,M-2010-17,R-072
WC-2010,M-2010-18,R-117
WC-2010,M-2010-19,R-384
WC-2010,M-2010-20,R-011
WC-2010,M-2010-21,R-445
WC-2010,M-2010-22,R-104
WC-2010,M-2010-23,R-202
WC-2010,M-2010-24,R-038
WC-2010,M-2010-25,R-381
WC-2010,M-2010-26,R-238
WC-2010,M-2010-27,R-264
WC-2010,M-2010-28,R-045
WC-2010,M-2010-29,R-237
WC-2010,M-2010-30,R-350
WC-2010,M-2010-31,R-011
WC-2010,M-2010-32,R-317
WC-2010,M-2010-33,R-384
WC-2010,M-2010-34,R-217
WC-2010,M-2010-35,R-202
WC-2010,M-2010-36,R-053
WC-2010,M-2010-37,R-418
WC-2010,M-2010-38,R-117
WC-2010,M-2010-39,R-238
WC-2010,M-2010-40,R-409
WC-2010,M-2010-41,R-317
WC-2010,M-2010-42,R-473
WC-2010,M-2010-43,R-350
WC-2010,M-2010-44,R-113
WC-2010,M-2010-45,R-445
WC-2010,M-2010-46,R-025
WC-2010,M-2010-47,R-377
WC-2010,M-2010-48,R-038
WC-2010,M-2010-49,R-418
WC-2010,M-2010-50,R-217
WC-2010,M-2010-51,R-238
WC-2010,M-2010-52,R-381
WC-2010,M-2010-53,R-445
WC-2010,M-2010-54,R-473
WC-2010,M-2010-55,R-117
WC-2010,M-2010-56,R-038
WC-2010,M-2010-57,R-317
WC-2010,M-2010-58,R-053
WC-2010,M-2010-59,R-202
WC-2010,M-2010-60,R-045
WC-2010,M-2010-61,R-202
WC-2010,M-2010-62,R-217
WC-2010,M-2010-63,R-025
WC-2010,M-2010-64,R-473
WC-2011,M-2011-01,R-400
WC-2011,M-2011-02,R-293
WC-2011,M-2011-03,R-190
WC-2011,M-2011-04,R-368
WC-2011,M-2011-05,R-090
WC-2011,M-2011-06,R-422
WC-2011,M-2011-07,R-018
WC-2011,M-2011-08,R-333
WC-2011,M-2011-09,R-156
WC-2011,M-2011-10,R-088
WC-2011,M-2011-11,R-338
WC-2011,M-2011-12,R-312
WC-2011,M-2011-13,R-019
WC-2011,M-2011-14,R-112
WC-2011,M-2011-15,R-157
WC-2011,M-2011-16,R-400
WC-2011,M-2011-17,R-090
WC-2011,M-2011-18,R-333
WC-2011,M-2011-19,R-471
WC-2011,M-2011-20,R-190
WC-2011,M-2011-21,R-019
WC-2011,M-2011-22,R-422
WC-2011,M-2011-23,R-338
WC-2011,M-2011-24,R-156
WC-2011,M-2011-25,R-333
WC-2011,M-2011-26,R-018
WC-2011,M-2011-27,R-368
WC-2011,M-2011-28,R-293
WC-2011,M-2011-29,R-190
WC-2011,M-2011-30,R-090
WC-2011,M-2011-31,R-400
WC-2011,M-2011-32,R-422
WC-2014,M-2014-01,R-317
WC-2014,M-2014-02,R-379
WC-2014,M-2014-03,R-374
WC-2014,M-2014-04,R-130
WC-2014,M-2014-05,R-169
WC-2014,M-2014-06,R-070
WC-2014,M-2014-07,R-228
WC-2014,M-2014-08,R-331
WC-2014,M-2014-09,R-202
WC-2014,M-2014-10,R-372
WC-2014,M-2014-11,R-007
WC-2014,M-2014-12,R-287
WC-2014,M-2014-13,R-464
WC-2014,M-2014-14,R-141
WC-2014,M-2014-15,R-377
WC-2014,M-2014-16,R-076
WC-2014,M-2014-17,R-346
WC-2014,M-2014-18,R-185
WC-2014,M-2014-19,R-169
WC-2014,M-2014-20,R-352
WC-2014,M-2014-21,R-473
WC-2014,M-2014-22,R-462
WC-2014,M-2014-23,R-007
WC-2014,M-2014-24,R-331
WC-2014,M-2014-25,R-228
WC-2014,M-2014-26,R-477
WC-2014,M-2014-27,R-287
WC-2014,M-2014-28,R-372
WC-2014,M-2014-29,R-320
WC-2014,M-2014-30,R-070
WC-2014,M-2014-31,R-379
WC-2014,M-2014-32,R-346
WC-2014,M-2014-33,R-403
WC-2014,M-2014-34,R-167
WC-2014,M-2014-35,R-141
WC-2014,M-2014-36,R-202
WC-2014,M-2014-37,R-185
WC-2014,M-2014-38,R-377
WC-2014,M-2014-39,R-352
WC-2014,M-2014-40,R-464
WC-2014,M-2014-41,R-462
WC-2014,M-2014-42,R-374
WC-2014,M-2014-43,R-346
WC-2014,M-2014-44,R-130
WC-2014,M-2014-45,R-403
WC-2014,M-2014-46,R-202
WC-2014,M-2014-47,R-076
WC-2014,M-2014-48,R-477
WC-2014,M-2014-49,R-473
WC-2014,M-2014-50,R-228
WC-2014,M-2014-51,R-352
WC-2014,M-2014-52,R-477
WC-2014,M-2014-53,R-169
WC-2014,M-2014-54,R-372
WC-2014,M-2014-55,R-141
WC-2014,M-2014-56,R-185
WC-2014,M-2014-57,R-346
WC-2014,M-2014-58,R-462
WC-2014,M-2014-59,R-374
WC-2014,M-2014-60,R-202
WC-2014,M-2014-61,R-377
WC-2014,M-2014-62,R-076
WC-2014,M-2014-63,R-185
WC-2014,M-2014-64,R-374
WC-2015,M-2015-01,R-303
WC-2015,M-2015-02,R-018
WC-2015,M-2015-03,R-219
WC-2015,M-2015-04,R-090
WC-2015,M-2015-05,R-370
WC-2015,M-2015-06,R-229
WC-2015,M-2015-07,R-443
WC-2015,M-2015-08,R-463
WC-2015,M-2015-09,R-301
WC-2015,M-2015-10,R-121
WC-2015,M-2015-11,R-312
WC-2015,M-2015-12,R-419
WC-2015,M-2015-13,R-277
WC-2015,M-2015-14,R-016
WC-2015,M-2015-15,R-422
WC-2015,M-2015-16,R-126
WC-2015,M-2015-17,R-162
WC-2015,M-2015-18,R-153
WC-2015,M-2015-19,R-239
WC-2015,M-2015-20,R-485
WC-2015,M-2015-21,R-356
WC-2015,M-2015-22,R-090
WC-2015,M-2015-23,R-219
WC-2015,M-2015-24,R-469
WC-2015,M-2015-25,R-243
WC-2015,M-2015-26,R-121
WC-2015,M-2015-27,R-229
WC-2015,M-2015-28,R-370
WC-2015,M-2015-29,R-443
WC-2015,M-2015-30,R-060
WC-2015,M-2015-31,R-303
WC-2015,M-2015-32,R-463
WC-2015,M-2015-33,R-090
WC-2015,M-2015-34,R-485
WC-2015,M-2015-35,R-219
WC-2015,M-2015-36,R-301
WC-2015,M-2015-37,R-370
WC-2015,M-2015-38,R-422
WC-2015,M-2015-39,R-016
WC-2015,M-2015-40,R-121
WC-2015,M-2015-41,R-219
WC-2015,M-2015-42,R-419
WC-2015,M-2015-43,R-153
WC-2015,M-2015-44,R-463
WC-2015,M-2015-45,R-090
WC-2015,M-2015-46,R-469
WC-2015,M-2015-47,R-303
WC-2015,M-2015-48,R-443
WC-2015,M-2015-49,R-016
WC-2015,M-2015-50,R-219
WC-2015,M-2015-51,R-370
WC-2015,M-2015-52,R-303
WC-2018,M-2018-01,R-346
WC-2018,M-2018-02,R-228
WC-2018,M-2018-03,R-076
WC-2018,M-2018-04,R-376
WC-2018,M-2018-05,R-106
WC-2018,M-2018-06,R-269
WC-2018,M-2018-07,R-167
WC-2018,M-2018-08,R-372
WC-2018,M-2018-09,R-124
WC-2018,M-2018-10,R-147
WC-2018,M-2018-11,R-362
WC-2018,M-2018-12,R-007
WC-2018,M-2018-13,R-405
WC-2018,M-2018-14,R-379
WC-2018,M-2018-15,R-412
WC-2018,M-2018-16,R-403
WC-2018,M-2018-17,R-075
WC-2018,M-2018-18,R-169
WC-2018,M-2018-19,R-441
WC-2018,M-2018-20,R-106
WC-2018,M-2018-21,R-279
WC-2018,M-2018-22,R-188
WC-2018,M-2018-23,R-202
WC-2018,M-2018-24,R-228
WC-2018,M-2018-25,R-099
WC-2018,M-2018-26,R-070
WC-2018,M-2018-27,R-273
WC-2018,M-2018-28,R-287
WC-2018,M-2018-29,R-269
WC-2018,M-2018-30,R-180
WC-2018,M-2018-31,R-376
WC-2018,M-2018-32,R-362
WC-2018,M-2018-33,R-379
WC-2018,M-2018-34,R-124
WC-2018,M-2018-35,R-202
WC-2018,M-2018-36,R-075
WC-2018,M-2018-37,R-215
WC-2018,M-2018-38,R-372
WC-2018,M-2018-39,R-279
WC-2018,M-2018-40,R-076
WC-2018,M-2018-41,R-169
WC-2018,M-2018-42,R-346
WC-2018,M-2018-43,R-147
WC-2018,M-2018-44,R-441
WC-2018,M-2018-45,R-405
WC-2018,M-2018-46,R-287
WC-2018,M-2018-47,R-412
WC-2018,M-2018-48,R-403
WC-2018,M-2018-49,R-147
WC-2018,M-2018-50,R-362
WC-2018,M-2018-51,R-228
WC-2018,M-2018-52,R-346
WC-2018,M-2018-53,R-376
WC-2018,M-2018-54,R-124
WC-2018,M-2018-55,R-412
WC-2018,M-2018-56,R-169
WC-2018,M-2018-57,R-346
WC-2018,M-2018-58,R-287
WC-2018,M-2018-59,R-228
WC-2018,M-2018-60,R-372
WC-2018,M-2018-61,R-106
WC-2018,M-2018-62,R-076
WC-2018,M-2018-63,R-147
WC-2018,M-2018-64,R-346
WC-2019,M-2019-01,R-443
WC-2019,M-2019-02,R-048
WC-2019,M-2019-03,R-083
WC-2019,M-2019-04,R-205
WC-2019,M-2019-05,R-060
WC-2019,M-2019-06,R-197
WC-2019,M-2019-07,R-004
WC-2019,M-2019-08,R-153
WC-2019,M-2019-09,R-370
WC-2019,M-2019-10,R-020
WC-2019,M-2019-11,R-463
WC-2019,M-2019-12,R-151
WC-2019,M-2019-13,R-355
WC-2019,M-2019-14,R-303
WC-2019,M-2019-15,R-422
WC-2019,M-2019-16,R-419
WC-2019,M-2019-17,R-229
WC-2019,M-2019-18,R-425
WC-2019,M-2019-19,R-219
WC-2019,M-2019-20,R-356
WC-2019,M-2019-21,R-367
WC-2019,M-2019-22,R-487
WC-2019,M-2019-23,R-307
WC-2019,M-2019-24,R-197
WC-2019,M-2019-25,R-020
WC-2019,M-2019-26,R-066
WC-2019,M-2019-27,R-060
WC-2019,M-2019-28,R-048
WC-2019,M-2019-29,R-463
WC-2019,M-2019-30,R-229
WC-2019,M-2019-31,R-443
WC-2019,M-2019-32,R-370
WC-2019,M-2019-33,R-303
WC-2019,M-2019-34,R-153
WC-2019,M-2019-35,R-355
WC-2019,M-2019-36,R-219
WC-2019,M-2019-37,R-487
WC-2019,M-2019-38,R-197
WC-2019,M-2019-39,R-356
WC-2019,M-2019-40,R-048
WC-2019,M-2019-41,R-229
WC-2019,M-2019-42,R-205
WC-2019,M-2019-43,R-020
WC-2019,M-2019-44,R-060
WC-2019,M-2019-45,R-463
WC-2019,M-2019-46,R-303
WC-2019,M-2019-47,R-443
WC-2019,M-2019-48,R-153
WC-2019,M-2019-49,R-020
WC-2019,M-2019-50,R-048
WC-2019,M-2019-51,R-355
WC-2019,M-2019-52,R-153
WC-2022,M-2022-01,R-327
WC-2022,M-2022-02,R-093
WC-2022,M-2022-03,R-386
WC-2022,M-2022-04,R-013
WC-2022,M-2022-05,R-468
WC-2022,M-2022-06,R-362
WC-2022,M-2022-07,R-047
WC-2022,M-2022-08,R-173
WC-2022,M-2022-09,R-364
WC-2022,M-2022-10,R-044
WC-2022,M-2022-11,R-188
WC-2022,M-2022-12,R-405
WC-2022,M-2022-13,R-432
WC-2022,M-2022-14,R-441
WC-2022,M-2022-15,R-136
WC-2022,M-2022-16,R-147
WC-2022,M-2022-17,R-144
WC-2022,M-2022-18,R-279
WC-2022,M-2022-19,R-170
WC-2022,M-2022-20,R-448
WC-2022,M-2022-21,R-404
WC-2022,M-2022-22,R-386
WC-2022,M-2022-23,R-269
WC-2022,M-2022-24,R-327
WC-2022,M-2022-25,R-325
WC-2022,M-2022-26,R-362
WC-2022,M-2022-27,R-282
WC-2022,M-2022-28,R-265
WC-2022,M-2022-29,R-188
WC-2022,M-2022-30,R-428
WC-2022,M-2022-31,R-044
WC-2022,M-2022-32,R-147
WC-2022,M-2022-33,R-441
WC-2022,M-2022-34,R-167
WC-2022,M-2022-35,R-279
WC-2022,M-2022-36,R-468
WC-2022,M-2022-37,R-170
WC-2022,M-2022-38,R-099
WC-2022,M-2022-39,R-265
WC-2022,M-2022-40,R-325
WC-2022,M-2022-41,R-093
WC-2022,M-2022-42,R-428
WC-2022,M-2022-43,R-153
WC-2022,M-2022-44,R-173
WC-2022,M-2022-45,R-404
WC-2022,M-2022-46,R-432
WC-2022,M-2022-47,R-136
WC-2022,M-2022-48,R-364
WC-2022,M-2022-49,R-386
WC-2022,M-2022-50,R-269
WC-2022,M-2022-51,R-448
WC-2022,M-2022-52,R-044
WC-2022,M-2022-53,R-136
WC-2022,M-2022-54,R-441
WC-2022,M-2022-55,R-364
WC-2022,M-2022-56,R-362
WC-2022,M-2022-57,R-325
WC-2022,M-2022-58,R-279
WC-2022,M-2022-59,R-432
WC-2022,M-2022-60,R-386
WC-2022,M-2022-61,R-327
WC-2022,M-2022-62,R-362
WC-2022,M-2022-63,R-013
WC-2022,M-2022-64,R-269
