tournament_id,referee_id
WC-1930,R-039
WC-1930,R-091
WC-1930,R-116
WC-1930,R-236
WC-1930,R-251
WC-1930,R-260
WC-1930,R-280
WC-1930,R-391
WC-1930,R-430
WC-1930,R-449
WC-1930,R-472
WC-1934,R-034
WC-1934,R-041
WC-1934,R-054
WC-1934,R-056
WC-1934,R-065
WC-1934,R-082
WC-1934,R-135
WC-1934,R-236
WC-1934,R-284
WC-1934,R-296
WC-1934,R-454
WC-1938,R-034
WC-1938,R-041
WC-1938,R-054
WC-1938,R-056
WC-1938,R-080
WC-1938,R-100
WC-1938,R-135
WC-1938,R-226
WC-1938,R-236
WC-1938,R-241
WC-1938,R-393
WC-1938,R-470
WC-1938,R-483
WC-1950,R-031
WC-1950,R-114
WC-1950,R-135
WC-1950,R-138
WC-1950,R-159
WC-1950,R-165
WC-1950,R-179
WC-1950,R-240
WC-1950,R-258
WC-1950,R-267
WC-1950,R-300
WC-1950,R-365
WC-1950,R-451
WC-1950,R-465
WC-1954,R-028
WC-1954,R-107
WC-1954,R-138
WC-1954,R-148
WC-1954,R-152
WC-1954,R-179
WC-1954,R-248
WC-1954,R-270
WC-1954,R-326
WC-1954,R-395
WC-1954,R-420
WC-1954,R-421
WC-1954,R-465
WC-1954,R-467
WC-1954,R-484
WC-1954,R-492
WC-1958,R-009
WC-1958,R-068
WC-1958,R-079
WC-1958,R-095
WC-1958,R-133
WC-1958,R-138
WC-1958,R-140
WC-1958,R-163
WC-1958,R-179
WC-1958,R-183
WC-1958,R-210
WC-1958,R-240
WC-1958,R-242
WC-1958,R-245
WC-1958,R-262
WC-1958,R-306
WC-1958,R-326
WC-1958,R-366
WC-1958,R-399
WC-1958,R-455
WC-1958,R-484
WC-1958,R-492
WC-1962,R-030
WC-1962,R-059
WC-1962,R-073
WC-1962,R-115
WC-1962,R-125
WC-1962,R-128
WC-1962,R-133
WC-1962,R-146
WC-1962,R-158
WC-1962,R-163
WC-1962,R-195
WC-1962,R-208
WC-1962,R-245
WC-1962,R-375
WC-1962,R-398
WC-1962,R-421
WC-1962,R-433
WC-1962,R-486
WC-1966,R-003
WC-1966,R-029
WC-1966,R-036
WC-1966,R-077
WC-1966,R-079
WC-1966,R-095
WC-1966,R-109
WC-1966,R-125
WC-1966,R-150
WC-1966,R-158
WC-1966,R-163
WC-1966,R-172
WC-1966,R-214
WC-1966,R-225
WC-1966,R-250
WC-1966,R-252
WC-1966,R-271
WC-1966,R-288
WC-1966,R-344
WC-1966,R-385
WC-1966,R-398
WC-1966,R-440
WC-1966,R-486
WC-1966,R-489
WC-1966,R-492
WC-1970,R-008
WC-1970,R-036
WC-1970,R-043
WC-1970,R-115
WC-1970,R-118
WC-1970,R-171
WC-1970,R-194
WC-1970,R-214
WC-1970,R-223
WC-1970,R-234
WC-1970,R-254
WC-1970,R-259
WC-1970,R-274
WC-1970,R-319
WC-1970,R-329
WC-1970,R-358
WC-1970,R-371
WC-1970,R-392
WC-1970,R-394
WC-1970,R-427
WC-1970,R-429
WC-1970,R-440
WC-1970,R-456
WC-1970,R-466
WC-1970,R-486
WC-1974,R-023
WC-1974,R-032
WC-1974,R-043
WC-1974,R-061
WC-1974,R-115
WC-1974,R-119
WC-1974,R-171
WC-1974,R-177
WC-1974,R-218
WC-1974,R-247
WC-1974,R-249
WC-1974,R-254
WC-1974,R-271
WC-1974,R-308
WC-1974,R-309
WC-1974,R-311
WC-1974,R-334
WC-1974,R-340
WC-1974,R-341
WC-1974,R-360
WC-1974,R-389
WC-1974,R-394
WC-1974,R-397
WC-1974,R-424
WC-1974,R-429
WC-1974,R-434
WC-1974,R-440
WC-1974,R-452
WC-1974,R-475
WC-1974,R-478
WC-1978,R-043
WC-1978,R-057
WC-1978,R-064
WC-1978,R-097
WC-1978,R-103
WC-1978,R-131
WC-1978,R-142
WC-1978,R-166
WC-1978,R-174
WC-1978,R-177
WC-1978,R-178
WC-1978,R-181
WC-1978,R-207
WC-1978,R-223
WC-1978,R-247
WC-1978,R-266
WC-1978,R-276
WC-1978,R-309
WC-1978,R-311
WC-1978,R-319
WC-1978,R-334
WC-1978,R-336
WC-1978,R-353
WC-1978,R-360
WC-1978,R-373
WC-1978,R-408
WC-1978,R-434
WC-1978,R-482
WC-1982,R-010
WC-1982,R-017
WC-1982,R-026
WC-1982,R-042
WC-1982,R-061
WC-1982,R-081
WC-1982,R-084
WC-1982,R-086
WC-1982,R-089
WC-1982,R-092
WC-1982,R-097
WC-1982,R-103
WC-1982,R-129
WC-1982,R-134
WC-1982,R-143
WC-1982,R-154
WC-1982,R-160
WC-1982,R-166
WC-1982,R-203
WC-1982,R-207
WC-1982,R-223
WC-1982,R-230
WC-1982,R-231
WC-1982,R-232
WC-1982,R-257
WC-1982,R-283
WC-1982,R-295
WC-1982,R-302
WC-1982,R-328
WC-1982,R-334
WC-1982,R-337
WC-1982,R-348
WC-1982,R-353
WC-1982,R-360
WC-1982,R-415
WC-1982,R-423
WC-1982,R-447
WC-1982,R-459
WC-1982,R-460
WC-1982,R-476
WC-1982,R-479
WC-1986,R-006
WC-1986,R-014
WC-1986,R-015
WC-1986,R-027
WC-1986,R-040
WC-1986,R-055
WC-1986,R-069
WC-1986,R-074
WC-1986,R-092
WC-1986,R-105
WC-1986,R-110
WC-1986,R-122
WC-1986,R-129
WC-1986,R-145
WC-1986,R-154
WC-1986,R-176
WC-1986,R-198
WC-1986,R-220
WC-1986,R-222
WC-1986,R-272
WC-1986,R-278
WC-1986,R-295
WC-1986,R-313
WC-1986,R-343
WC-1986,R-345
WC-1986,R-348
WC-1986,R-357
WC-1986,R-382
WC-1986,R-388
WC-1986,R-406
WC-1986,R-407
WC-1986,R-414
WC-1986,R-415
WC-1986,R-426
WC-1986,R-439
WC-1986,R-442
WC-1990,R-006
WC-1990,R-015
WC-1990,R-081
WC-1990,R-094
WC-1990,R-105
WC-1990,R-154
WC-1990,R-206
WC-1990,R-211
WC-1990,R-222
WC-1990,R-224
WC-1990,R-235
WC-1990,R-255
WC-1990,R-261
WC-1990,R-286
WC-1990,R-299
WC-1990,R-343
WC-1990,R-357
WC-1990,R-383
WC-1990,R-396
WC-1990,R-406
WC-1990,R-407
WC-1990,R-413
WC-1990,R-414
WC-1990,R-416
WC-1990,R-417
WC-1990,R-426
WC-1990,R-453
WC-1990,R-459
WC-1990,R-481
WC-1991,R-062
WC-1991,R-200
WC-1991,R-256
WC-1991,R-289
WC-1991,R-316
WC-1991,R-378
WC-1991,R-402
WC-1991,R-435
WC-1991,R-457
WC-1991,R-488
WC-1991,R-491
WC-1994,R-015
WC-1994,R-022
WC-1994,R-033
WC-1994,R-037
WC-1994,R-067
WC-1994,R-071
WC-1994,R-087
WC-1994,R-123
WC-1994,R-127
WC-1994,R-211
WC-1994,R-216
WC-1994,R-227
WC-1994,R-233
WC-1994,R-246
WC-1994,R-275
WC-1994,R-299
WC-1994,R-305
WC-1994,R-332
WC-1994,R-354
WC-1994,R-357
WC-1994,R-383
WC-1994,R-431
WC-1994,R-436
WC-1994,R-450
WC-1995,R-058
WC-1995,R-078
WC-1995,R-120
WC-1995,R-161
WC-1995,R-187
WC-1995,R-191
WC-1995,R-209
WC-1995,R-281
WC-1995,R-321
WC-1995,R-410
WC-1995,R-411
WC-1995,R-444
WC-1998,R-012
WC-1998,R-035
WC-1998,R-046
WC-1998,R-050
WC-1998,R-051
WC-1998,R-063
WC-1998,R-067
WC-1998,R-071
WC-1998,R-085
WC-1998,R-098
WC-1998,R-111
WC-1998,R-132
WC-1998,R-164
WC-1998,R-175
WC-1998,R-193
WC-1998,R-244
WC-1998,R-245
WC-1998,R-246
WC-1998,R-290
WC-1998,R-292
WC-1998,R-294
WC-1998,R-315
WC-1998,R-324
WC-1998,R-339
WC-1998,R-359
WC-1998,R-361
WC-1998,R-369
WC-1998,R-390
WC-1998,R-431
WC-1998,R-435
WC-1998,R-444
WC-1998,R-446
WC-1998,R-450
WC-1998,R-480
WC-1999,R-002
WC-1999,R-101
WC-1999,R-120
WC-1999,R-139
WC-1999,R-168
WC-1999,R-184
WC-1999,R-196
WC-1999,R-199
WC-1999,R-314
WC-1999,R-322
WC-1999,R-335
WC-1999,R-342
WC-1999,R-400
WC-1999,R-410
WC-1999,R-438
WC-1999,R-493
WC-2002,R-012
WC-2002,R-024
WC-2002,R-045
WC-2002,R-071
WC-2002,R-096
WC-2002,R-098
WC-2002,R-108
WC-2002,R-111
WC-2002,R-155
WC-2002,R-182
WC-2002,R-186
WC-2002,R-189
WC-2002,R-212
WC-2002,R-221
WC-2002,R-253
WC-2002,R-256
WC-2002,R-268
WC-2002,R-285
WC-2002,R-292
WC-2002,R-294
WC-2002,R-297
WC-2002,R-298
WC-2002,R-304
WC-2002,R-310
WC-2002,R-315
WC-2002,R-330
WC-2002,R-347
WC-2002,R-351
WC-2002,R-363
WC-2002,R-384
WC-2002,R-387
WC-2002,R-401
WC-2002,R-409
WC-2002,R-458
WC-2002,R-461
WC-2002,R-474
WC-2003,R-002
WC-2003,R-005
WC-2003,R-120
WC-2003,R-139
WC-2003,R-199
WC-2003,R-201
WC-2003,R-322
WC-2003,R-342
WC-2003,R-380
WC-2003,R-400
WC-2003,R-437
WC-2003,R-490
WC-2006,R-001
WC-2006,R-021
WC-2006,R-025
WC-2006,R-072
WC-2006,R-096
WC-2006,R-117
WC-2006,R-137
WC-2006,R-204
WC-2006,R-212
WC-2006,R-238
WC-2006,R-263
WC-2006,R-291
WC-2006,R-297
WC-2006,R-298
WC-2006,R-347
WC-2006,R-349
WC-2006,R-377
WC-2006,R-381
WC-2006,R-384
WC-2006,R-401
WC-2006,R-409
WC-2007,R-049
WC-2007,R-052
WC-2007,R-102
WC-2007,R-112
WC-2007,R-149
WC-2007,R-157
WC-2007,R-213
WC-2007,R-318
WC-2007,R-322
WC-2007,R-323
WC-2007,R-333
WC-2007,R-342
WC-2007,R-400
WC-2010,R-011
WC-2010,R-025
WC-2010,R-038
WC-2010,R-045
WC-2010,R-053
WC-2010,R-072
WC-2010,R-104
WC-2010,R-113
WC-2010,R-117
WC-2010,R-192
WC-2010,R-202
WC-2010,R-217
WC-2010,R-237
WC-2010,R-238
WC-2010,R-264
WC-2010,R-317
WC-2010,R-350
WC-2010,R-377
WC-2010,R-381
WC-2010,R-384
WC-2010,R-409
WC-2010,R-418
WC-2010,R-445
WC-2010,R-473
WC-2011,R-018
WC-2011,R-019
WC-2011,R-088
WC-2011,R-090
WC-2011,R-112
WC-2011,R-156
WC-2011,R-157
WC-2011,R-190
WC-2011,R-293
WC-2011,R-312
WC-2011,R-333
WC-2011,R-338
WC-2011,R-368
WC-2011,R-400
WC-2011,R-422
WC-2011,R-471
WC-2014,R-007
WC-2014,R-070
WC-2014,R-076
WC-2014,R-130
WC-2014,R-141
WC-2014,R-167
WC-2014,R-169
WC-2014,R-185
WC-2014,R-202
WC-2014,R-228
WC-2014,R-287
WC-2014,R-317
WC-2014,R-320
WC-2014,R-331
WC-2014,R-346
WC-2014,R-352
WC-2014,R-372
WC-2014,R-374
WC-2014,R-377
WC-2014,R-379
WC-2014,R-403
WC-2014,R-462
WC-2014,R-464
WC-2014,R-473
WC-2014,R-477
WC-2015,R-016
WC-2015,R-018
WC-2015,R-060
WC-2015,R-090
WC-2015,R-121
WC-2015,R-126
WC-2015,R-153
WC-2015,R-162
WC-2015,R-219
WC-2015,R-229
WC-2015,R-239
WC-2015,R-243
WC-2015,R-277
WC-2015,R-301
WC-2015,R-303
WC-2015,R-312
WC-2015,R-356
WC-2015,R-370
WC-2015,R-419
WC-2015,R-422
WC-2015,R-443
WC-2015,R-463
WC-2015,R-469
WC-2015,R-485
WC-2018,R-007
WC-2018,R-070
WC-2018,R-075
WC-2018,R-076
WC-2018,R-099
WC-2018,R-106
WC-2018,R-124
WC-2018,R-147
WC-2018,R-167
WC-2018,R-169
WC-2018,R-180
WC-2018,R-188
WC-2018,R-202
WC-2018,R-215
WC-2018,R-228
WC-2018,R-269
WC-2018,R-273
WC-2018,R-279
WC-2018,R-287
WC-2018,R-346
WC-2018,R-362
WC-2018,R-372
WC-2018,R-376
WC-2018,R-379
WC-2018,R-403
WC-2018,R-405
WC-2018,R-412
WC-2018,R-441
WC-2019,R-004
WC-2019,R-020
WC-2019,R-048
WC-2019,R-060
WC-2019,R-066
WC-2019,R-083
WC-2019,R-151
WC-2019,R-153
WC-2019,R-197
WC-2019,R-205
WC-2019,R-219
WC-2019,R-229
WC-2019,R-303
WC-2019,R-307
WC-2019,R-355
WC-2019,R-356
WC-2019,R-367
WC-2019,R-370
WC-2019,R-419
WC-2019,R-422
WC-2019,R-425
WC-2019,R-443
WC-2019,R-463
WC-2019,R-487
WC-2022,R-013
WC-2022,R-044
WC-2022,R-047
WC-2022,R-093
WC-2022,R-099
WC-2022,R-136
WC-2022,R-144
WC-2022,R-147
WC-2022,R-153
WC-2022,R-167
WC-2022,R-170
WC-2022,R-173
WC-2022,R-188
WC-2022,R-265
WC-2022,R-269
WC-2022,R-279
WC-2022,R-282
WC-2022,R-325
WC-2022,R-327
WC-2022,R-362
WC-2022,R-364
WC-2022,R-386
WC-2022,R-404
WC-2022,R-405
WC-2022,R-428
WC-2022,R-432
WC-2022,R-441
WC-2022,R-448
WC-2022,R-468
